/*
SQLyog Ultimate v11.11 (64 bit)
MySQL - 5.5.56-MariaDB : Database - admin_artviza
*********************************************************************
*/

/*!40101 SET NAMES utf8 */;

/*!40101 SET SQL_MODE=''*/;

/*!40014 SET @OLD_UNIQUE_CHECKS=@@UNIQUE_CHECKS, UNIQUE_CHECKS=0 */;
/*!40014 SET @OLD_FOREIGN_KEY_CHECKS=@@FOREIGN_KEY_CHECKS, FOREIGN_KEY_CHECKS=0 */;
/*!40101 SET @OLD_SQL_MODE=@@SQL_MODE, SQL_MODE='NO_AUTO_VALUE_ON_ZERO' */;
/*!40111 SET @OLD_SQL_NOTES=@@SQL_NOTES, SQL_NOTES=0 */;
CREATE DATABASE /*!32312 IF NOT EXISTS*/`admin_artviza` /*!40100 DEFAULT CHARACTER SET utf8 */;

/*Table structure for table `category` */

CREATE TABLE `category` (
  `id` int(11) NOT NULL AUTO_INCREMENT,
  `name` varchar(256) CHARACTER SET utf8 COLLATE utf8_unicode_ci DEFAULT NULL,
  `desc` text CHARACTER SET utf8 COLLATE utf8_unicode_ci,
  `h1` varchar(256) CHARACTER SET utf8 COLLATE utf8_unicode_ci DEFAULT NULL,
  `title` varchar(256) CHARACTER SET utf8 COLLATE utf8_unicode_ci DEFAULT NULL,
  `meta_desc` varchar(512) CHARACTER SET utf8 COLLATE utf8_unicode_ci DEFAULT NULL,
  `parent_id` int(11) DEFAULT NULL,
  `updated_at` int(11) DEFAULT NULL,
  `created_at` int(11) DEFAULT NULL,
  PRIMARY KEY (`id`)
) ENGINE=InnoDB AUTO_INCREMENT=168 DEFAULT CHARSET=latin1;

/*Data for the table `category` */

insert  into `category`(`id`,`name`,`desc`,`h1`,`title`,`meta_desc`,`parent_id`,`updated_at`,`created_at`) values (1,'Wedding',NULL,NULL,NULL,NULL,NULL,NULL,NULL),(2,'Invitations',NULL,NULL,NULL,NULL,NULL,NULL,NULL),(3,'Cards',NULL,NULL,NULL,NULL,NULL,NULL,NULL),(4,'Prints',NULL,NULL,NULL,NULL,NULL,NULL,NULL),(5,'Digital',NULL,NULL,NULL,NULL,NULL,NULL,NULL),(6,'Creative design',NULL,NULL,NULL,NULL,NULL,NULL,NULL),(7,'Templates',NULL,NULL,NULL,NULL,NULL,NULL,NULL),(8,'Business',NULL,NULL,NULL,NULL,NULL,NULL,NULL),(9,'Wedding invitations',NULL,NULL,NULL,NULL,1,NULL,NULL),(10,'Save the Date cards',NULL,NULL,NULL,NULL,1,NULL,NULL),(11,'Engagement Party invitations',NULL,NULL,NULL,NULL,1,NULL,NULL),(12,'Rehearsal Dinner invitations',NULL,NULL,NULL,NULL,1,NULL,NULL),(13,'RSVP cards',NULL,NULL,NULL,NULL,1,NULL,NULL),(14,'Bachelorette Party invitations',NULL,NULL,NULL,NULL,1,NULL,NULL),(15,'Bachelor Party invitations',NULL,NULL,NULL,NULL,1,NULL,NULL),(16,'Bridal Shower invitations',NULL,NULL,NULL,NULL,1,NULL,NULL),(17,'Wedding brunch invitations',NULL,NULL,NULL,NULL,1,NULL,NULL),(18,'Thank you cards',NULL,NULL,NULL,NULL,1,NULL,NULL),(19,'Congratulations cards',NULL,NULL,NULL,NULL,1,NULL,NULL),(20,'Adult Birthday Invitations',NULL,NULL,NULL,NULL,2,NULL,NULL),(21,'Kids Birthday Invitations',NULL,NULL,NULL,NULL,2,NULL,NULL),(22,'Teen Birthday Invitations',NULL,NULL,NULL,NULL,2,NULL,NULL),(23,'Party Invitations',NULL,NULL,NULL,NULL,2,NULL,NULL),(24,'Brunch, Cocktails Invitations',NULL,NULL,NULL,NULL,2,NULL,NULL),(25,'Baby Shower Invitations',NULL,NULL,NULL,NULL,2,NULL,NULL),(26,'Baptism, Communition Invitations',NULL,NULL,NULL,NULL,2,NULL,NULL),(27,'Wedding Anniversary Invitations',NULL,NULL,NULL,NULL,2,NULL,NULL),(28,'First Birthday Invitations',NULL,NULL,NULL,NULL,2,NULL,NULL),(29,'Business Invitations',NULL,NULL,NULL,NULL,2,NULL,NULL),(30,'Reception Invitations',NULL,NULL,NULL,NULL,2,NULL,NULL),(31,'Sweet 16 Invitations',NULL,NULL,NULL,NULL,2,NULL,NULL),(32,'Graduation Party Invitations',NULL,NULL,NULL,NULL,2,NULL,NULL),(33,'Surprise Party Invitations',NULL,NULL,NULL,NULL,2,NULL,NULL),(34,'Anniversary, Milestone Invitations',NULL,NULL,NULL,NULL,2,NULL,NULL),(35,'Annual Dinner Invitations',NULL,NULL,NULL,NULL,2,NULL,NULL),(36,'Retirement Party Invitations',NULL,NULL,NULL,NULL,2,NULL,NULL),(37,'New Year Party Invitations',NULL,NULL,NULL,NULL,2,NULL,NULL),(38,'Christmas Dinner Invitations',NULL,NULL,NULL,NULL,2,NULL,NULL),(39,'Easter Dinner Invitations',NULL,NULL,NULL,NULL,2,NULL,NULL),(40,'Entertainment Party Invitations',NULL,NULL,NULL,NULL,2,NULL,NULL),(41,'Memorial Dinner Invitations',NULL,NULL,NULL,NULL,2,NULL,NULL),(42,'Fair and Presentation Invitations',NULL,NULL,NULL,NULL,2,NULL,NULL),(43,'Happy Birthday cards',NULL,NULL,NULL,NULL,3,NULL,NULL),(44,'Graduation Announcements',NULL,NULL,NULL,NULL,3,NULL,NULL),(45,'Birth Announcement',NULL,NULL,NULL,NULL,3,NULL,NULL),(46,'Wedding cards',NULL,NULL,NULL,NULL,3,NULL,NULL),(47,'Anniversary cards',NULL,NULL,NULL,NULL,3,NULL,NULL),(48,'Valentines Day cards',NULL,NULL,NULL,NULL,3,NULL,NULL),(49,'Mother\'s Day cards',NULL,NULL,NULL,NULL,3,NULL,NULL),(50,'Father\'s day cards',NULL,NULL,NULL,NULL,3,NULL,NULL),(51,'Thank you cards',NULL,NULL,NULL,NULL,3,NULL,NULL),(52,'Moving announcements',NULL,NULL,NULL,NULL,3,NULL,NULL),(53,'Graduation cards',NULL,NULL,NULL,NULL,3,NULL,NULL),(54,'New Year cards',NULL,NULL,NULL,NULL,3,NULL,NULL),(55,'Christmas cards',NULL,NULL,NULL,NULL,3,NULL,NULL),(56,'Easter cards',NULL,NULL,NULL,NULL,3,NULL,NULL),(57,'Ramadan cards',NULL,NULL,NULL,NULL,3,NULL,NULL),(58,'Love you cards',NULL,NULL,NULL,NULL,3,NULL,NULL),(59,'Apology and Sorry cards',NULL,NULL,NULL,NULL,3,NULL,NULL),(60,'Retirement cards',NULL,NULL,NULL,NULL,3,NULL,NULL),(61,'Just Because..',NULL,NULL,NULL,NULL,3,NULL,NULL),(62,'Get Well cards',NULL,NULL,NULL,NULL,3,NULL,NULL),(63,'Miss you cards',NULL,NULL,NULL,NULL,3,NULL,NULL),(64,'Seasonal cards',NULL,NULL,NULL,NULL,3,NULL,NULL),(65,'Art Prints',NULL,NULL,NULL,NULL,4,NULL,NULL),(66,'Quotes',NULL,NULL,NULL,NULL,4,NULL,NULL),(67,'Calendars',NULL,NULL,NULL,NULL,4,NULL,NULL),(68,'Rack cards',NULL,NULL,NULL,NULL,4,NULL,NULL),(69,'Paper bags',NULL,NULL,NULL,NULL,4,NULL,NULL),(70,'Labels',NULL,NULL,NULL,NULL,4,NULL,NULL),(71,'Menu',NULL,NULL,NULL,NULL,4,NULL,NULL),(72,'Address Labels',NULL,NULL,NULL,NULL,4,NULL,NULL),(73,'Coasters',NULL,NULL,NULL,NULL,4,NULL,NULL),(74,'Mouse Pad',NULL,NULL,NULL,NULL,4,NULL,NULL),(75,'Table Cards',NULL,NULL,NULL,NULL,4,NULL,NULL),(76,'Table Number',NULL,NULL,NULL,NULL,4,NULL,NULL),(77,'Notepads',NULL,NULL,NULL,NULL,4,NULL,NULL),(78,'Notebooks',NULL,NULL,NULL,NULL,4,NULL,NULL),(79,'Envelopes',NULL,NULL,NULL,NULL,4,NULL,NULL),(80,'Badges & Sticker',NULL,NULL,NULL,NULL,4,NULL,NULL),(81,'ScrapBook labels',NULL,NULL,NULL,NULL,4,NULL,NULL),(82,'Flags',NULL,NULL,NULL,NULL,4,NULL,NULL),(83,'Images',NULL,NULL,NULL,NULL,5,NULL,NULL),(84,'Photo',NULL,NULL,NULL,NULL,5,NULL,NULL),(85,'Infographics',NULL,NULL,NULL,NULL,5,NULL,NULL),(86,'Graphic elements',NULL,NULL,NULL,NULL,5,NULL,NULL),(87,'Textures',NULL,NULL,NULL,NULL,5,NULL,NULL),(88,'Patterns',NULL,NULL,NULL,NULL,5,NULL,NULL),(89,'Icons',NULL,NULL,NULL,NULL,5,NULL,NULL),(90,'Fonts',NULL,NULL,NULL,NULL,5,NULL,NULL),(91,'Logos',NULL,NULL,NULL,NULL,5,NULL,NULL),(92,'Web elements',NULL,NULL,NULL,NULL,5,NULL,NULL),(93,'Vectors',NULL,NULL,NULL,NULL,5,NULL,NULL),(94,'Actions',NULL,NULL,NULL,NULL,5,NULL,NULL),(95,'Brushes',NULL,NULL,NULL,NULL,5,NULL,NULL),(96,'Styles',NULL,NULL,NULL,NULL,5,NULL,NULL),(97,'Gradients',NULL,NULL,NULL,NULL,5,NULL,NULL),(98,'Master Class',NULL,NULL,NULL,NULL,5,NULL,NULL),(99,'E-books',NULL,NULL,NULL,NULL,5,NULL,NULL),(100,'Music',NULL,NULL,NULL,NULL,5,NULL,NULL),(101,'Diet',NULL,NULL,NULL,NULL,5,NULL,NULL),(102,'Recepies',NULL,NULL,NULL,NULL,5,NULL,NULL),(103,'Fitness guides',NULL,NULL,NULL,NULL,5,NULL,NULL),(104,'Training program',NULL,NULL,NULL,NULL,5,NULL,NULL),(105,'Games',NULL,NULL,NULL,NULL,5,NULL,NULL),(106,'Gifts for her',NULL,NULL,NULL,NULL,6,NULL,NULL),(107,'Gifts for him',NULL,NULL,NULL,NULL,6,NULL,NULL),(108,'Gifts for kids',NULL,NULL,NULL,NULL,6,NULL,NULL),(109,'Funny gifts',NULL,NULL,NULL,NULL,6,NULL,NULL),(110,'Tech gifts',NULL,NULL,NULL,NULL,6,NULL,NULL),(111,'Women\'s Clothing',NULL,NULL,NULL,NULL,6,NULL,NULL),(112,'Men\'s Clothing',NULL,NULL,NULL,NULL,6,NULL,NULL),(113,'Kids\' Clothing',NULL,NULL,NULL,NULL,6,NULL,NULL),(114,'Beauty products',NULL,NULL,NULL,NULL,6,NULL,NULL),(115,'Pet supplies',NULL,NULL,NULL,NULL,6,NULL,NULL),(116,'Wedding decorations',NULL,NULL,NULL,NULL,6,NULL,NULL),(117,'Christmas decorations',NULL,NULL,NULL,NULL,6,NULL,NULL),(118,'Easter  decorations',NULL,NULL,NULL,NULL,6,NULL,NULL),(119,'Party decorations',NULL,NULL,NULL,NULL,6,NULL,NULL),(120,'Jewelry',NULL,NULL,NULL,NULL,6,NULL,NULL),(121,'Furniture',NULL,NULL,NULL,NULL,6,NULL,NULL),(122,'Office stationery',NULL,NULL,NULL,NULL,6,NULL,NULL),(123,'Crafts & Hobby',NULL,NULL,NULL,NULL,6,NULL,NULL),(124,'Bags & Accessories',NULL,NULL,NULL,NULL,6,NULL,NULL),(125,'Portraits & Painting',NULL,NULL,NULL,NULL,6,NULL,NULL),(126,'Wall Art',NULL,NULL,NULL,NULL,6,NULL,NULL),(127,'Lighting',NULL,NULL,NULL,NULL,6,NULL,NULL),(128,'Floral design',NULL,NULL,NULL,NULL,6,NULL,NULL),(129,'Tablecloth & Curtains',NULL,NULL,NULL,NULL,6,NULL,NULL),(130,'Soap & Candles',NULL,NULL,NULL,NULL,6,NULL,NULL),(131,'Pillows & Rugs',NULL,NULL,NULL,NULL,6,NULL,NULL),(132,'Learning & Puzzles',NULL,NULL,NULL,NULL,6,NULL,NULL),(133,'Outdoor & Gardening',NULL,NULL,NULL,NULL,6,NULL,NULL),(134,'Facebook covers',NULL,NULL,NULL,NULL,7,NULL,NULL),(135,'Instagram banners',NULL,NULL,NULL,NULL,7,NULL,NULL),(136,'Twitter covers',NULL,NULL,NULL,NULL,7,NULL,NULL),(137,'Video templates',NULL,NULL,NULL,NULL,7,NULL,NULL),(138,'WordPress templates',NULL,NULL,NULL,NULL,7,NULL,NULL),(139,'PowerPoint templates',NULL,NULL,NULL,NULL,7,NULL,NULL),(140,'KeyNote templates',NULL,NULL,NULL,NULL,7,NULL,NULL),(141,'MockUp templates',NULL,NULL,NULL,NULL,7,NULL,NULL),(142,'Presentations',NULL,NULL,NULL,NULL,7,NULL,NULL),(143,'Mood Board templates',NULL,NULL,NULL,NULL,7,NULL,NULL),(144,'Stationery',NULL,NULL,NULL,NULL,7,NULL,NULL),(145,'Wireframe Kit',NULL,NULL,NULL,NULL,7,NULL,NULL),(146,'UI Kit',NULL,NULL,NULL,NULL,7,NULL,NULL),(147,'App UI Kit',NULL,NULL,NULL,NULL,7,NULL,NULL),(148,'FlowChart Kit',NULL,NULL,NULL,NULL,7,NULL,NULL),(149,'Web banners',NULL,NULL,NULL,NULL,7,NULL,NULL),(150,'Miscelaneous',NULL,NULL,NULL,NULL,7,NULL,NULL),(151,'Flyers',NULL,NULL,NULL,NULL,8,NULL,NULL),(152,'Brochures',NULL,NULL,NULL,NULL,8,NULL,NULL),(153,'Banners',NULL,NULL,NULL,NULL,8,NULL,NULL),(154,'Newsletter',NULL,NULL,NULL,NULL,8,NULL,NULL),(155,'Roll up banners',NULL,NULL,NULL,NULL,8,NULL,NULL),(156,'Wine tasting',NULL,NULL,NULL,NULL,8,NULL,NULL),(157,'ID card',NULL,NULL,NULL,NULL,8,NULL,NULL),(158,'Door hanger',NULL,NULL,NULL,NULL,8,NULL,NULL),(159,'Invoices',NULL,NULL,NULL,NULL,8,NULL,NULL),(160,'Resumes & CV',NULL,NULL,NULL,NULL,8,NULL,NULL),(161,'Certificates',NULL,NULL,NULL,NULL,8,NULL,NULL),(162,'Gift Cards & Coupons',NULL,NULL,NULL,NULL,8,NULL,NULL),(163,'Magazines',NULL,NULL,NULL,NULL,8,NULL,NULL),(164,'Tickets',NULL,NULL,NULL,NULL,8,NULL,NULL),(165,'Email templates',NULL,NULL,NULL,NULL,8,NULL,NULL),(166,'Graphic help',NULL,NULL,NULL,NULL,8,NULL,NULL),(167,'Translation',NULL,NULL,NULL,NULL,8,NULL,NULL);

/*Table structure for table `celebration` */

CREATE TABLE `celebration` (
  `id` int(11) NOT NULL AUTO_INCREMENT,
  `name` varchar(32) CHARACTER SET utf8 COLLATE utf8_unicode_ci DEFAULT NULL,
  PRIMARY KEY (`id`)
) ENGINE=InnoDB AUTO_INCREMENT=3 DEFAULT CHARSET=latin1;

/*Data for the table `celebration` */

insert  into `celebration`(`id`,`name`) values (1,'yes'),(2,'no');

/*Table structure for table `country` */

CREATE TABLE `country` (
  `id` int(11) NOT NULL AUTO_INCREMENT,
  `name_ru` varchar(255) CHARACTER SET utf8 DEFAULT NULL,
  `name_en` varchar(255) CHARACTER SET utf8 DEFAULT NULL,
  `name_de` varchar(255) CHARACTER SET utf8 DEFAULT NULL,
  `name_fr` varchar(255) CHARACTER SET utf8 DEFAULT NULL,
  `sort` int(11) DEFAULT '1000',
  `code_2` varchar(2) COLLATE utf8_unicode_ci DEFAULT NULL,
  `code_3` varchar(3) COLLATE utf8_unicode_ci DEFAULT NULL,
  `publish` int(11) DEFAULT '1',
  `created_at` int(11) DEFAULT NULL,
  `updated_at` int(11) DEFAULT NULL,
  PRIMARY KEY (`id`),
  UNIQUE KEY `name` (`name_ru`),
  KEY `created_at` (`created_at`),
  KEY `updated_at` (`updated_at`)
) ENGINE=InnoDB AUTO_INCREMENT=192 DEFAULT CHARSET=utf8 COLLATE=utf8_unicode_ci;

/*Data for the table `country` */

insert  into `country`(`id`,`name_ru`,`name_en`,`name_de`,`name_fr`,`sort`,`code_2`,`code_3`,`publish`,`created_at`,`updated_at`) values (1,'Австрия','Austria','Österreich','Autriche',1000,'at',NULL,1,NULL,NULL),(2,'Албания','Albania','Albanien','Albanie',1000,'al',NULL,1,NULL,NULL),(3,'Андорра','andorra','Andorra','andorre',1000,'ad',NULL,1,NULL,NULL),(4,'Белоруссия','Byelorussia','Weißrussland','Biélorussie',1000,'by',NULL,1,NULL,NULL),(5,'Бельгия','Belgium','Belgien','Belgique',1000,'be',NULL,1,NULL,NULL),(6,'Болгария','Bulgaria','Bulgarien','Bulgarie',1000,'bg',NULL,1,NULL,NULL),(7,'Босния и Герцеговина','Bosnia and Herzegovina','Bosnien und Herzegowina','Bosnie-Herzégovine',1000,'ba',NULL,1,NULL,NULL),(8,'Ватикан','Vatican','Vatikan','Vatican',1000,'va',NULL,1,NULL,NULL),(9,'Великобритания','United Kingdom','Vereinigtes Königreich','Royaume-Uni',1000,'gb',NULL,1,NULL,NULL),(10,'Венгрия','Hungary','Ungarn','Hongrie',1000,'hu',NULL,1,NULL,NULL),(11,'Германия','Germany','Deutschland','Allemagne',1000,'de',NULL,1,1476114028,1476114028),(12,'Греция','Greece','Griechenland','Grèce',1000,'gr',NULL,1,NULL,NULL),(13,'Грузия','Georgia','Georgia','Géorgie',1000,'ge',NULL,1,NULL,NULL),(14,'Дания','Denmark','Dänemark','Danemark',1000,'dk',NULL,1,NULL,NULL),(15,'Ирландия','Ireland','Irland','Irlande',1000,'ie',NULL,1,NULL,NULL),(16,'Исландия','Iceland','Island','Islande',1000,'is',NULL,1,NULL,NULL),(17,'Испания','Spain','Spanien','Espagne',1000,'es',NULL,1,NULL,NULL),(18,'Италия','Italy','Italien','Italie',1000,'it',NULL,1,NULL,NULL),(19,'Латвия','Latvia','Lettland','Lettonie',1000,'lv',NULL,1,NULL,NULL),(20,'Литва','Lithuania','Litauen','Lituanie',1000,'lt',NULL,1,NULL,NULL),(21,'Лихтенштейн','Liechtenstein','Liechtenstein','Liechtenstein',1000,'li',NULL,1,NULL,NULL),(22,'Люксембург','Luxembourg','Luxemburg','Luxembourg',1000,'lu',NULL,1,NULL,NULL),(23,'Македония','Macedonia','Mazedonien','Macédoine',1000,'mk',NULL,1,NULL,NULL),(24,'Мальта','Malta','Malta','Malte',1000,'mt',NULL,1,NULL,NULL),(25,'Молдавия','Moldova','Moldau','Moldavie',1000,'md',NULL,1,NULL,NULL),(26,'Монако','Monaco','Monaco','Monaco',1000,'mc',NULL,1,NULL,NULL),(27,'Норвегия','Norway','Norwegen','Norvège',1000,'no',NULL,1,NULL,NULL),(28,'Польша','Poland','Polen','Pologne',1000,'pl',NULL,1,NULL,NULL),(29,'Португалия','Portugal','Portugal','Portugal',1000,'pr',NULL,1,NULL,NULL),(30,'Россия','Russia','Russland','Russie',1000,'ru',NULL,1,NULL,NULL),(31,'Румыния','Romania','Rumänien','Roumanie',1000,'ro',NULL,1,NULL,NULL),(32,'Сан-Марино','San Marino','San Marino','San Marino',1000,'sm',NULL,1,NULL,NULL),(33,'Сербия','Serbia','Serbien','Serbie',1000,'rs',NULL,1,NULL,NULL),(34,'Словакия','Slovakia','Slowakei','Slovaquie',1000,'sk',NULL,1,NULL,NULL),(35,'Словения','Slovenia','Slowenien','Slovénie',1000,'si',NULL,1,NULL,NULL),(36,'Украина','Ukraine','Ukraine','Ukraine',1000,'ua',NULL,1,NULL,NULL),(37,'Финляндия','Finland','Finnland','Finlande',1000,'fi',NULL,1,NULL,NULL),(38,'Франция','France','Frankreich','France',1000,'fr',NULL,1,NULL,NULL),(39,'Хорватия','Croatia','Kroatien','Croatie',1000,'ck',NULL,1,NULL,NULL),(40,'Черногория','Montenegro','Montenegro','Monténégro',1000,'me',NULL,1,NULL,NULL),(41,'Чехия','Czech Republic','Tschechien','République tchèque',1000,'cz',NULL,1,NULL,NULL),(42,'Швейцария','Switzerland','Schweiz','Suisse',1000,'ch',NULL,1,NULL,NULL),(43,'Швеция','Sweden','Schweden','Suède',1000,'se',NULL,1,NULL,NULL),(44,'Эстония','Estonia','Estland','Estonie',1000,'ee',NULL,1,NULL,NULL),(45,'Азербайджан','Azerbaijan','Aserbaidschan','Azerbaïdjan',1000,'az',NULL,1,NULL,NULL),(46,'Армения','Armenia','Armenien','Arménie',1000,'am',NULL,1,NULL,NULL),(47,'Афганистан','Afghanistan','Afghanistan','Afghanistan',1000,'af',NULL,1,NULL,NULL),(48,'Бангладеш','Bangladesh','Bangladesch','Bangladesh',1000,'bd',NULL,1,NULL,NULL),(49,'Бахрейн','Bahrain','Bahrein','Bahreïn',1000,'bh',NULL,1,NULL,NULL),(50,'Бутан','Butane','Butan','butane',1000,'bt',NULL,1,NULL,NULL),(51,'Вьетнам','Vietnam','Vietnam','Viêt-Nam',1000,'vn',NULL,1,NULL,NULL),(52,'Израиль','Israel','Israel','Israël',1000,'il',NULL,1,NULL,NULL),(53,'Индия','India','Indien','Inde',1000,'in',NULL,1,NULL,NULL),(54,'Индонезия','Indonesia','Indonesien','Indonésie',1000,'id',NULL,1,NULL,NULL),(55,'Иордания','Jordan','Jordan','Jordanie',1000,'jo',NULL,1,NULL,NULL),(56,'Ирак','Iraq','Irak','Irak',1000,'iq',NULL,1,NULL,NULL),(57,'Иран','Iran','Iran','Iran',1000,'ir',NULL,1,NULL,NULL),(58,'Йемен','Yemen','Jemen','Yémen',1000,'ye',NULL,1,NULL,NULL),(59,'Казахстан','Kazakhstan','Kasachstan','Kazakhstan',1000,'kz',NULL,1,NULL,NULL),(60,'Камбоджа','Cambodia','Kambodscha','Cambodge',1000,'kh',NULL,1,NULL,NULL),(61,'Катар','Qatar','Katar','Qatar',1000,'qa',NULL,1,NULL,NULL),(62,'Кипр','Cyprus','Zypern','Chypre',1000,'cy',NULL,1,NULL,NULL),(63,'Киргизия','Kyrgyzstan','Kirgisistan','Kirghizistan',1000,'kg',NULL,1,NULL,NULL),(64,'Китай','China','China','Chine',1000,'cn',NULL,1,NULL,NULL),(65,'КНДР','North Korea','Nordkorea','Corée du Nord',1000,'kp',NULL,1,NULL,NULL),(66,'Кувейт','Kuwait','Kuwait','Koweit',1000,'kw',NULL,1,NULL,NULL),(67,'Лаос','Laos','Laos','Laos',1000,'la',NULL,1,NULL,NULL),(68,'Ливан','Lebanon','Libanon','Liban',1000,'lb',NULL,1,NULL,NULL),(69,'Малайзия','Malaysia','Malaysia','Malaisie',1000,'my',NULL,1,NULL,NULL),(70,'Мальдивы','Maldives','Malediven','Maldives',1000,'mv',NULL,1,NULL,NULL),(71,'Монголия','Mongolia','Mongolei','Mongolie',1000,'mn',NULL,1,NULL,NULL),(72,'Мьянма','Myanmar','Myanmar','Myanmar',1000,'mm',NULL,1,NULL,NULL),(73,'Непал','Nepal','Nepal','Népal',1000,'np',NULL,1,NULL,NULL),(74,'ОАЭ','United Arab Emirates','Vereinigte Arabische Emirate','Émirats arabes unis',1000,'ae',NULL,1,NULL,NULL),(75,'Оман','Oman','Oman','Oman',1000,'om',NULL,1,NULL,NULL),(76,'Пакистан','Pakistan','Pakistan','Pakistan',1000,'pk',NULL,1,NULL,NULL),(77,'Палестина','Palestine','Palästina','Palestine',1000,'ps',NULL,1,NULL,NULL),(78,'Саудовская Аравия','Saudi Arabia','Saudi-Arabien','Arabie Saoudite',1000,'sa',NULL,1,NULL,NULL),(79,'Сингапур','Singapore','Singapur','Singapour',1000,'sg',NULL,1,NULL,NULL),(80,'Сирия','Syria','Syrien','Syrie',1000,'sy',NULL,1,NULL,NULL),(81,'Таджикистан','Tajikistan','Tadschikistan','Tadjikistan',1000,'tj',NULL,1,NULL,NULL),(82,'Таиланд','Thailand','Thailand','Thaïlande',1000,'th',NULL,1,NULL,NULL),(83,'Тунис','Tunisia','Tunesien','Tunisie',1000,'tn',NULL,1,NULL,NULL),(84,'Туркмения','Turkmenistan','Turkmenistan','Turkménistan',1000,'tm',NULL,1,NULL,NULL),(85,'Турция','Turkey','Türkei','Turquie',1000,'tr',NULL,1,NULL,NULL),(86,'Узбекистан','Uzbekistan','Usbekistan','Ouzbékistan',1000,'uz',NULL,1,NULL,NULL),(87,'Филиппины','Philippines','Philippinen','Philippines',1000,'ph',NULL,1,NULL,NULL),(88,'Шри-Ланка','Sri Lanka','Sri Lanka','Sri Lanka',1000,'lk',NULL,1,NULL,NULL),(89,'Япония','Japan','Japan','Japon',1000,'jp',NULL,1,NULL,NULL),(90,'Алжир','Algeria','Algerien','Algérie',1000,'dz',NULL,1,NULL,NULL),(91,'Ангола','Angola','Angola','Angola',1000,'ao',NULL,1,NULL,NULL),(92,'Бенин','Benin','Benin','Bénin',1000,'bj',NULL,1,NULL,NULL),(93,'Ботсвана','Botswana','Botswana','Botswana',1000,'bw',NULL,1,NULL,NULL),(94,'Бурунди','Burundi','Burundi','Burundi',1000,'bi',NULL,1,NULL,NULL),(95,'Буркина-Фасо','Burkina Faso','Burkina Faso','Burkina Faso',1000,'bf',NULL,1,NULL,NULL),(96,'Габон','Gabon','Gabun','Gabon',1000,'ga',NULL,1,NULL,NULL),(97,'Гамбия','Gambia','Gambia','Gambie',1000,'gm',NULL,1,NULL,NULL),(98,'Гана','Ghana','Ghana','Ghana',1000,'gh',NULL,1,NULL,NULL),(99,'Гвинея','Guinea','Guinea','Guinée',1000,'gn',NULL,1,NULL,NULL),(100,'Гвинея-Бисау','Guinea-Bissau','Guinea-Bissau','Guinée-Bissau',1000,'gw',NULL,1,NULL,NULL),(101,'Д.Р. Конго (Заир)','DR Congo (Zaire)','DR Kongo (Zaire)','DR Congo (Zaïre)',1000,'cg',NULL,1,NULL,NULL),(102,'Джибути','Djibouti','Dschibuti','Djibouti',1000,'dj',NULL,1,NULL,NULL),(103,'Египет','Egypt','Ägypten','Egypte',1000,'eg',NULL,1,NULL,NULL),(104,'Замбия','Zambia','Sambia','Zambie',1000,'zm',NULL,1,NULL,NULL),(105,'Западная Сахара','West Sahara','Westsahara','Sahara occidental',1000,'eh',NULL,1,NULL,NULL),(106,'Зимбабве','Zimbabwe','Simbabwe','Zimbabwe',1000,'zw',NULL,1,NULL,NULL),(107,'Кабо-Верде','Cape Verde','Kap Verde','Le Cap-Vert',1000,'cv',NULL,1,NULL,NULL),(108,'Камерун','Cameroon','Kamerun','Cameroun',1000,'cm',NULL,1,NULL,NULL),(109,'Кения','Kenya','Kenia','Kenya',1000,'ke',NULL,1,NULL,NULL),(110,'Коморские острова','Comoros','Komoren','Comores',1000,'km',NULL,1,NULL,NULL),(111,'Кот-д\'Ивуар','Côte d\'Ivoire','Côte d\'Ivoire','Côte d\'Ivoire',1000,'cd',NULL,1,NULL,NULL),(112,'Лесото','Lesotho','Lesotho','Lesotho',1000,'ls',NULL,1,NULL,NULL),(113,'Либерия','Liberia','Liberia','Libéria',1000,'lr',NULL,1,NULL,NULL),(114,'Ливия','Libya','Libyen','Libye',1000,'ly',NULL,1,NULL,NULL),(115,'Маврикий','Mauritius','Mauritius','Ile Maurice',1000,'mu',NULL,1,NULL,NULL),(116,'Мавритания','Mauritania','Mauretanien','Mauritanie',1000,'mr',NULL,1,NULL,NULL),(117,'Мадагаскар','Madagascar','Madagaskar','Madagascar',1000,'mg',NULL,1,NULL,NULL),(118,'Малави','Malawi','Malawi','Malawi',1000,'mw',NULL,1,NULL,NULL),(119,'Мали','Mali','Mali','Mali',1000,'ml',NULL,1,NULL,NULL),(120,'Марокко','Morocco','Marokko','Maroc',1000,'ma',NULL,1,NULL,NULL),(121,'Мозамбик','Mozambique','Mosambik','Mozambique',1000,'mz',NULL,1,NULL,NULL),(122,'Намибия','Namibia','Namibia','Namibie',1000,'na',NULL,1,NULL,NULL),(123,'Нигер','Niger','Niger','Niger',1000,'ne',NULL,1,NULL,NULL),(124,'Нигерия','Nigeria','Nigeria','Nigeria',1000,'ng',NULL,1,NULL,NULL),(125,'Руанда','Rwanda','Ruanda','Rwanda',1000,'rw',NULL,1,NULL,NULL),(126,'С-Томе и Принсипи','With Tome and Principe','Mit Tome und Principe','Avec Tomé-et-Principe',1000,'st',NULL,1,NULL,NULL),(127,'Свазиленд','Swaziland','Swasiland','Swaziland',1000,'sz',NULL,1,NULL,NULL),(128,'Сейшелы','Seychelles','Seychellen','Seychelles',1000,'sc',NULL,1,NULL,NULL),(129,'Сенегал','Senegal','Senegal','Sénégal',1000,'sn',NULL,1,NULL,NULL),(130,'Сомали','Somalia','Somalia','Somalie',1000,'so',NULL,1,NULL,NULL),(131,'Судан','Sudan','Sudan','Soudan',1000,'sd',NULL,1,NULL,NULL),(132,'Сьерра-Леоне','Sierra Leone','Sierra Leone','Sierra Leone',1000,'sl',NULL,1,NULL,NULL),(133,'Танзания','Tanzania','Tansania','Tanzanie',1000,'tz',NULL,1,NULL,NULL),(134,'Того','Togo','Togo','Togo',1000,'tg',NULL,1,NULL,NULL),(135,'Уганда','Uganda','Uganda','Ouganda',1000,'ug',NULL,1,NULL,NULL),(136,'ЦАР','CAR','CAR','CAR',1000,'cf',NULL,1,NULL,NULL),(137,'Чад','Chad','Tschad','Tchad',1000,'td',NULL,1,NULL,NULL),(138,'Экваториальная Гвинея','Equatorial Guinea','Äquatorial Guinea','Guinée équatoriale',1000,'gq',NULL,1,NULL,NULL),(139,'Эритрея','Eritrea','Eritrea','Érythrée',1000,'er',NULL,1,NULL,NULL),(140,'Эфиопия','Ethiopia','Äthiopien','Ethiopie',1000,'et',NULL,1,NULL,NULL),(141,'ЮАР','South Africa','Südafrika','Afrique du Sud',1000,'za',NULL,1,NULL,NULL),(142,'Южный Судан','South Sudan','Süd-Sudan','Sud-Soudan',1000,'ss',NULL,1,NULL,NULL),(143,'Антигуа и Барбуда','Antigua and Barbuda','Antigua und Barbuda','Antigua-et-Barbuda',1000,'ag',NULL,1,NULL,NULL),(144,'Багамские острова','Bahamas','Bahamas','Bahamas',1000,'bs',NULL,1,NULL,NULL),(145,'Барбадос','Barbados','Barbados','Barbade',1000,'bb',NULL,1,NULL,NULL),(146,'Белиз','Belize','Belize','Belize',1000,'bz',NULL,1,NULL,NULL),(147,'Гаити','Haiti','Haiti','Haïti',1000,'ht',NULL,1,NULL,NULL),(148,'Гватемала','Guatemala','Guatemala','Guatemala',1000,'gt',NULL,1,NULL,NULL),(149,'Гондурас','Honduras','Honduras','Honduras',1000,'hn',NULL,1,NULL,NULL),(150,'Гренада','Grenada','Grenada','Grenade',1000,'gd',NULL,1,NULL,NULL),(151,'Доминика','Dominica','Dominica','Dominique',1000,'dm',NULL,1,NULL,NULL),(152,'Доминикана','Dominican Republic','Dominikanische Republik','République dominicaine',1000,'do',NULL,1,NULL,NULL),(153,'Канада','Canada','Kanada','Canada',1000,'ca',NULL,1,NULL,NULL),(154,'Коста-Рика','Costa Rica','Costa Rica','Costa Rica',1000,'cg',NULL,1,NULL,NULL),(155,'Куба','Cuba','Kuba','Cuba',1000,'cr',NULL,1,NULL,NULL),(156,'Мартиника','Martinique','Martinique','Martinique',1000,'mq',NULL,1,NULL,NULL),(157,'Мексика','Mexico','Mexiko','Mexique',1000,'mx',NULL,1,NULL,NULL),(158,'Никарагуа','Nicaragua','Nicaragua','Nicaragua',1000,'ni',NULL,1,NULL,NULL),(159,'Панама','Panama','Panama','Panama',1000,'pa',NULL,1,NULL,NULL),(160,'Сальвадор','Salvador','Salvador','Salvador',1000,'sv',NULL,1,NULL,NULL),(161,'С-Винсент и Гренадины','St. Vincent and the Grenadines','St. Vincent und die Grenadinen','Saint Vincent et les Grenadines',1000,'vc',NULL,1,NULL,NULL),(162,'Сент-Китс и Невис','Saint Kitts and Nevis','St. Kitts und Nevis','Saint Kitts et Nevis',1000,'kn',NULL,1,NULL,NULL),(163,'Сент-Люсия','Saint Lucia','St. Lucia','Saint Lucia',1000,'lc',NULL,1,NULL,NULL),(164,'США','USA','Vereinigte Staaten','Etats-Unis',1000,'us',NULL,1,NULL,NULL),(165,'Тринидад и Тобаго','Trinidad and Tobago','Trinidad und Tobago','Trinité-et-Tobago',1000,'tt',NULL,1,NULL,NULL),(166,'Ямайка','Jamaica','Jamaika','Jamaïque',1000,'jm',NULL,1,NULL,NULL),(167,'Аргентина','Argentina','Argentinien','Argentine',1000,'ar',NULL,1,NULL,NULL),(168,'Боливия','Bolivia','Bolivien','Bolivie',1000,'bo',NULL,1,NULL,NULL),(169,'Бразилия','Brazil','Brasilien','Brésil',1000,'br',NULL,1,NULL,NULL),(170,'Венесуэла','Venezuela','Venezuela','Venezuela',1000,'ve',NULL,1,NULL,NULL),(171,'Гайана','Guyana','Guyana','Guyane',1000,'gy',NULL,1,NULL,NULL),(172,'Колумбия','Colombia','Kolumbien','Colombie',1000,'co',NULL,1,NULL,NULL),(173,'Парагвай','Paraguay','Paraguay','Paraguay',1000,'py',NULL,1,NULL,NULL),(174,'Перу','Peru','Peru','Pérou',1000,'pe',NULL,1,NULL,NULL),(175,'Суринам','Surinam','Surinam','Surinam',1000,'sr',NULL,1,NULL,NULL),(176,'Уругвай','Uruguay','Uruguay','Uruguay',1000,'uy',NULL,1,NULL,NULL),(177,'Чили','Chile','Chile','Chili',1000,'cl',NULL,1,NULL,NULL),(178,'Эквадор','Ecuador','Ecuador','Equateur',1000,'ec',NULL,1,NULL,NULL),(179,'Австралия','Australia','Australien','Australie',1000,'au',NULL,1,NULL,NULL),(180,'Вануату','Vanuatu','Vanuatu','Vanuatu',1000,'vu',NULL,1,NULL,NULL),(181,'Гуам','Guam','Guam','Guam',1000,'gu',NULL,1,NULL,NULL),(182,'Кирибати','Kiribati','Kiribati','Kiribati',1000,'ki',NULL,1,NULL,NULL),(183,'Микронезия','Micronesia','Mikronesien','Micronésie',1000,'fm',NULL,1,NULL,NULL),(184,'Новая Зеландия','New Zealand','Neuseeland','La nouvelle-Zélande',1000,'nz',NULL,1,NULL,NULL),(185,'Новая Каледония','New Caledonia','Neukaledonien','Nouvelle-Calédonie',1000,'nc',NULL,1,NULL,NULL),(186,'Папуа-Новая Гвинея','Papua New Guinea','Papua-Neuguinea','Papouasie-Nouvelle-Guinée',1000,'pg',NULL,1,NULL,NULL),(187,'Самоа','Samoa','Samoa','Samoa',1000,'ws',NULL,1,NULL,NULL),(188,'Соломоновы О-ва','Solomon Islands','Salomonen','Îles Salomon',1000,'sb',NULL,1,NULL,NULL),(189,'Тонга','Tonga','Tonga','Tonga',1000,'to',NULL,1,NULL,NULL),(190,'Тувалу','Tuvalu','Tuvalu','Tuvalu',1000,'tv',NULL,1,NULL,NULL),(191,'Фиджи','Fiji','Fidschi','Fidji',1000,'fj',NULL,1,NULL,NULL);

/*Table structure for table `envelope_photo` */

CREATE TABLE `envelope_photo` (
  `id` int(11) NOT NULL AUTO_INCREMENT,
  `photo_id` int(11) DEFAULT NULL,
  `lvl` int(11) DEFAULT NULL COMMENT '1: first layer, 2: second layer',
  PRIMARY KEY (`id`)
) ENGINE=InnoDB AUTO_INCREMENT=153 DEFAULT CHARSET=utf8;

/*Data for the table `envelope_photo` */

insert  into `envelope_photo`(`id`,`photo_id`,`lvl`) values (1,545,1),(2,546,1),(3,547,1),(4,548,1),(5,549,1),(6,550,1),(7,551,1),(8,552,1),(9,553,1),(10,554,1),(11,555,1),(12,556,1),(13,557,1),(14,558,1),(15,559,1),(16,560,1),(17,561,1),(18,562,1),(19,563,1),(20,564,1),(21,565,1),(22,566,1),(23,567,1),(24,568,1),(25,569,1),(26,570,1),(27,571,1),(28,572,1),(29,573,1),(30,574,1),(31,575,1),(32,576,1),(33,577,1),(34,578,1),(35,579,1),(36,580,1),(37,581,1),(38,582,1),(39,583,1),(40,584,1),(41,585,1),(42,586,1),(43,587,1),(44,588,1),(45,589,1),(46,590,1),(47,591,1),(48,592,1),(49,593,1),(50,594,1),(51,595,1),(52,596,1),(53,597,1),(54,598,1),(55,599,1),(56,600,1),(57,601,1),(58,602,1),(59,603,1),(60,604,1),(61,605,1),(62,606,1),(63,607,1),(64,608,1),(65,609,1),(66,610,1),(67,611,1),(68,612,1),(69,613,1),(70,614,1),(71,615,1),(72,616,1),(73,617,1),(74,618,1),(75,619,1),(76,620,1),(77,545,2),(78,546,2),(79,547,2),(80,548,2),(81,549,2),(82,550,2),(83,551,2),(84,552,2),(85,553,2),(86,554,2),(87,555,2),(88,556,2),(89,557,2),(90,558,2),(91,559,2),(92,560,2),(93,561,2),(94,562,2),(95,563,2),(96,564,2),(97,565,2),(98,566,2),(99,567,2),(100,568,2),(101,569,2),(102,570,2),(103,571,2),(104,572,2),(105,573,2),(106,574,2),(107,575,2),(108,576,2),(109,577,2),(110,578,2),(111,579,2),(112,580,2),(113,581,2),(114,582,2),(115,583,2),(116,584,2),(117,585,2),(118,586,2),(119,587,2),(120,588,2),(121,589,2),(122,590,2),(123,591,2),(124,592,2),(125,593,2),(126,594,2),(127,595,2),(128,596,2),(129,597,2),(130,598,2),(131,599,2),(132,600,2),(133,601,2),(134,602,2),(135,603,2),(136,604,2),(137,605,2),(138,606,2),(139,607,2),(140,608,2),(141,609,2),(142,610,2),(143,611,2),(144,612,2),(145,613,2),(146,614,2),(147,615,2),(148,616,2),(149,617,2),(150,618,2),(151,619,2),(152,620,2);

/*Table structure for table `event` */

CREATE TABLE `event` (
  `id` int(11) NOT NULL AUTO_INCREMENT,
  `product_object_user_id` int(11) DEFAULT NULL,
  `user_id` int(11) DEFAULT NULL,
  `host_name` varchar(128) CHARACTER SET utf8 COLLATE utf8_unicode_ci DEFAULT NULL,
  `event_name` varchar(256) CHARACTER SET utf8 COLLATE utf8_unicode_ci DEFAULT NULL,
  `address` varchar(1024) CHARACTER SET utf8 COLLATE utf8_unicode_ci DEFAULT NULL,
  `start_date` varchar(128) CHARACTER SET utf8 COLLATE utf8_unicode_ci DEFAULT NULL,
  `end_date` varchar(128) CHARACTER SET utf8 COLLATE utf8_unicode_ci DEFAULT NULL,
  `date_to_send` int(11) DEFAULT NULL,
  `notes` text CHARACTER SET utf8 COLLATE utf8_unicode_ci,
  `payed_at` int(11) DEFAULT NULL,
  `updated_at` int(11) DEFAULT NULL,
  `created_at` int(11) DEFAULT NULL,
  PRIMARY KEY (`id`),
  KEY `product_object_user_id` (`product_object_user_id`),
  CONSTRAINT `product_object_user_id` FOREIGN KEY (`product_object_user_id`) REFERENCES `product_object_user` (`id`)
) ENGINE=InnoDB AUTO_INCREMENT=32 DEFAULT CHARSET=latin1;

/*Data for the table `event` */

insert  into `event`(`id`,`product_object_user_id`,`user_id`,`host_name`,`event_name`,`address`,`start_date`,`end_date`,`date_to_send`,`notes`,`payed_at`,`updated_at`,`created_at`) values (28,45,8,'Michelle Carrington','Michelle\'s Graduation','Nils Erlings Alle 34, Odense SV, Denmark','at 5 pm','late',1526827451,'Please remember to take your gifts with',1526893028,1526893028,1526741008),(29,45,8,'Eve','Late Party Night','Holsedore 18, Odense sv','5 pm','10:30 pm',1527076477,'Hip hop',NULL,1527076477,1527076477),(30,45,8,'Bella Donna','Last Call to the gate','Holsedore 18, Odense sv','5 pm','10:30 pm',1527255695,'Please come everybody!',NULL,1527169295,1527169197),(31,45,8,'Monica Lewinsky','Go wild','Havnegade 100A','18','Never ends',1527612088,'Please remember to take your gifts with',1527526098,1527526098,1527525688);

/*Table structure for table `favorite` */

CREATE TABLE `favorite` (
  `id` int(11) NOT NULL AUTO_INCREMENT,
  `user_id` int(11) DEFAULT NULL,
  `product_id` int(11) DEFAULT NULL,
  `created_at` int(11) DEFAULT NULL,
  PRIMARY KEY (`id`),
  KEY `user_id2` (`user_id`),
  KEY `product_id2` (`product_id`)
) ENGINE=InnoDB AUTO_INCREMENT=15 DEFAULT CHARSET=latin1;

/*Data for the table `favorite` */

insert  into `favorite`(`id`,`user_id`,`product_id`,`created_at`) values (13,8,18,NULL),(14,8,21,NULL);

/*Table structure for table `file` */

CREATE TABLE `file` (
  `id` int(11) NOT NULL AUTO_INCREMENT,
  `object_id` int(11) DEFAULT NULL,
  `object_type` int(11) DEFAULT NULL COMMENT '1: article, 2:bank,',
  `name` varchar(1024) CHARACTER SET utf8 DEFAULT NULL,
  `path` varchar(1024) DEFAULT NULL,
  `sort` int(11) DEFAULT NULL,
  `file_type` int(11) DEFAULT NULL,
  `created_at` int(11) DEFAULT NULL,
  `updated_at` int(11) DEFAULT NULL,
  PRIMARY KEY (`id`),
  KEY `product_id` (`object_id`)
) ENGINE=InnoDB AUTO_INCREMENT=971 DEFAULT CHARSET=latin1;

/*Data for the table `file` */

insert  into `file`(`id`,`object_id`,`object_type`,`name`,`path`,`sort`,`file_type`,`created_at`,`updated_at`) values (44,14,1,'Arvo-Bold.ttf','v_SOLPTh5hLCywbpcldg0eYu0kKHc3DGW3XO_a1EGRP2AZLDAwSwNfXaTJ0KTGpY_1511812089.ttf',1,4,1511812089,NULL),(46,16,1,'Arvo-Bold.ttf','RJIXY5FtFFZT5PH6IjtxUs4wd0gOenYU-9_pVD9B7Odn6MNFKZxDJOx8BzGB9qqD_1511812127.ttf',1,4,1511812127,NULL),(48,18,1,'BarlowSemiCondensed-Italic.ttf','KgjdVCOFhf0UaX1XTdMKpanHnHNNmn2-Gnd8S3JBVhpG2r8HWDrat1IGMfq9KCa6_1511875148.ttf',1,4,1511875148,NULL),(82,11,1,'Arvo.ttf','Arvo.ttf',1,4,1514101847,NULL),(83,12,1,'Arvo-Italic.ttf','Arvo-Italic.ttf',1,4,1514102045,NULL),(84,13,1,'Arvo-BoldItalic.ttf','Arvo-BoldItalic.ttf',1,4,1514102082,NULL),(85,15,1,'Arvo-Bold.ttf','Arvo-Bold.ttf',1,4,1514102090,NULL),(86,17,1,'BarlowSemiCondensed-Regular.ttf','BarlowSemiCondensed-Regular.ttf',1,4,1514105167,NULL),(87,19,1,'BarlowSemiCondensed-Bold.ttf','BarlowSemiCondensed-Bold.ttf',1,4,1514105210,NULL),(89,20,1,'BarlowSemiCondensed-BoldItalic.ttf','BarlowSemiCondensed-BoldItalic.ttf',1,4,1514285380,NULL),(90,21,1,'roboto-regular_[allfont.ru].ttf','roboto-regular_[allfont.ru].ttf',1,4,1518865545,NULL),(91,22,1,'open-sans_[allfont.ru].ttf','open-sans_[allfont.ru].ttf',1,4,1518865706,NULL),(92,23,1,'open-sans-italic_[allfont.ru].ttf','open-sans-italic_[allfont.ru].ttf',1,4,1518865718,NULL),(93,24,1,'open-sans-bold_[allfont.ru].ttf','open-sans-bold_[allfont.ru].ttf',1,4,1518865736,NULL),(94,25,1,'open-sans-bold-italic_[allfont.ru].ttf','open-sans-bold-italic_[allfont.ru].ttf',1,4,1518865748,NULL),(95,26,1,'RobotoSlab-Regular.ttf','RobotoSlab-Regular.ttf',1,4,1518865993,NULL),(96,27,1,'RobotoSlab-Bold.ttf','RobotoSlab-Bold.ttf',1,4,1518866022,NULL),(97,28,1,'Merriweather-Regular.ttf','Merriweather-Regular.ttf',1,4,1518866570,NULL),(98,29,1,'Merriweather-Bold.ttf','Merriweather-Bold.ttf',1,4,1518866583,NULL),(99,30,1,'Merriweather-Italic.ttf','Merriweather-Italic.ttf',1,4,1518866596,NULL),(100,31,1,'Merriweather-BoldIt.ttf','Merriweather-BoldIt.ttf',1,4,1518866609,NULL),(101,32,1,'PlayfairDisplay-Regular.otf','PlayfairDisplay-Regular.otf',1,4,1518866778,NULL),(102,33,1,'PlayfairDisplay-Italic.otf','PlayfairDisplay-Italic.otf',1,4,1518866790,NULL),(103,34,1,'PlayfairDisplay-Bold.otf','PlayfairDisplay-Bold.otf',1,4,1518866807,NULL),(104,35,1,'PlayfairDisplay-BoldItalic.otf','PlayfairDisplay-BoldItalic.otf',1,4,1518866841,NULL),(105,36,1,'LobsterTwo-Regular.otf','LobsterTwo-Regular.otf',1,4,1518866947,NULL),(106,37,1,'LobsterTwo-Italic.otf','LobsterTwo-Italic.otf',1,4,1518866957,NULL),(107,38,1,'LobsterTwo-Bold.otf','LobsterTwo-Bold.otf',1,4,1518866970,NULL),(108,39,1,'LobsterTwo-BoldItalic.otf','LobsterTwo-BoldItalic.otf',1,4,1518866980,NULL),(109,40,1,'Exo2-Regular.otf','Exo2-Regular.otf',1,4,1518867054,NULL),(110,41,1,'Exo2-Italic.otf','Exo2-Italic.otf',1,4,1518867066,NULL),(111,42,1,'Exo2-Bold.otf','Exo2-Bold.otf',1,4,1518867095,NULL),(112,43,1,'Exo2-BoldItalic.otf','Exo2-BoldItalic.otf',1,4,1518867106,NULL),(113,44,1,'Pacifico-Regular.ttf','Pacifico-Regular.ttf',1,4,1518867359,NULL),(114,45,1,'AmaticSC-Regular.ttf','AmaticSC-Regular.ttf',1,4,1518869137,NULL),(115,46,1,'AmaticSC-Bold.ttf','AmaticSC-Bold.ttf',1,4,1518869147,NULL),(116,47,1,'Oswald-Regular.ttf','Oswald-Regular.ttf',1,4,1518869711,NULL),(117,48,1,'Oswald-RegularItalic.ttf','Oswald-RegularItalic.ttf',1,4,1518869729,NULL),(118,49,1,'Oswald-Bold.ttf','Oswald-Bold.ttf',1,4,1518869755,NULL),(119,50,1,'Oswald-BoldItalic.ttf','Oswald-BoldItalic.ttf',1,4,1518869766,NULL),(120,51,1,'Cuprum-Regular.ttf','Cuprum-Regular.ttf',1,4,1518869907,NULL),(121,52,1,'Cuprum-Italic.ttf','Cuprum-Italic.ttf',1,4,1518869920,NULL),(122,53,1,'Cuprum-Bold.ttf','Cuprum-Bold.ttf',1,4,1518869931,NULL),(123,54,1,'Cuprum-BoldItalic.ttf','Cuprum-BoldItalic.ttf',1,4,1518869943,NULL),(124,55,1,'SpectralSC-Regular.ttf','SpectralSC-Regular.ttf',1,4,1518870135,NULL),(125,56,1,'SpectralSC-Italic.ttf','SpectralSC-Italic.ttf',1,4,1518870151,NULL),(126,57,1,'SpectralSC-Bold.ttf','SpectralSC-Bold.ttf',1,4,1518870172,NULL),(127,58,1,'SpectralSC-BoldItalic.ttf','SpectralSC-BoldItalic.ttf',1,4,1518870188,NULL),(258,135,2,'1.jpg','U4LYq9EmnvyY_Q4S4Lzawi14lPqI03wda0cJG3wMEU2KzdgFtYWtRdlmOVDDOcvg_1523523585.jpg',1,1,1523523585,NULL),(259,136,2,'2.jpg','uqe9-oTzE76AQ34OpwircsBdCe6C3gKL6NvKnGb7uP0yutN8RdQc52CF3X-Oc7nD_1523523588.jpg',1,1,1523523588,NULL),(260,137,2,'3.jpg','SVnRx3jJE2yYSL0jpxE2LajDQtl1JIbeqjwJ_n_NGBJwLVincxR0RmB7ho3FVStC_1523523591.jpg',1,1,1523523591,NULL),(261,138,2,'4.jpg','zDj0kbM12mazBo-kqzxAwTK7Cu84XOEgyT5RBz9jGrBibxns0VVnEecxCovZQ8N9_1523523594.jpg',1,1,1523523594,NULL),(262,139,2,'5.jpg','rWZc-PErDhiQGRRcPyG-P6cxvo8EEnYg4Y5PzMBxdZfORjckwYeXlvLFDEPUiYfg_1523523598.jpg',1,1,1523523598,NULL),(263,140,2,'6.jpg','Bz8nxVKkf7z9WqWI-hwBR31IXYUMNP4-80sGxsIkfNraN4TR-sjwLmhIBEAquN2e_1523523600.jpg',1,1,1523523600,NULL),(264,141,2,'7.jpg','HnE0k_YUbYvlU6bHAvcg-Eq85Z8_lglvgoMwSenSGjIAhtW30nO5jsC2GZqQOYmI_1523523603.jpg',1,1,1523523603,NULL),(265,142,2,'8.jpg','nZRhKhPmgl7srO4zY04GiD7pxmfOM1NXbs2J-qQcVuSe-j03Myw1g_9GUnWNa3mT_1523523606.jpg',1,1,1523523606,NULL),(266,143,2,'9.jpg','V0KlR1LnMtmNCnMZk92YDuyNk6btmZSUa3yYOICnlzqeQ7wF6KSJ2vGe1NP4FtU0_1523523620.jpg',1,1,1523523620,NULL),(267,144,2,'10.jpg','vkbbiQNVcrWy06v8TzZHFKpmdQDWUWMzWTHf93z1HsRIu1Qz6UpFpkewDNs0WwnH_1523523623.jpg',1,1,1523523623,NULL),(268,145,2,'11.jpg','UfMgFB35oNv53FzeTIPI06skL9qou0tBHUpkK9MRGc9z_7rYaqMxdAlqiy0TAEEi_1523523627.jpg',1,1,1523523627,NULL),(269,146,2,'12.jpg','rRpGSGM35ZAy3iVSHm3BQSrJEmxkmU3pM9IPoa1mOXcl1ojIKrUuGDkYkywHDkMQ_1523523629.jpg',1,1,1523523629,NULL),(270,147,2,'13.jpg','jE3WCmTnkyvh9CQxp4gI0YXwP6C9ZFMLp4axuuJy4bXK-pP4A5ldSypC8bZk4Cs5_1523523632.jpg',1,1,1523523632,NULL),(271,148,2,'14.jpg','MsKdybihN1sptdf8bkOz_SqGQOCqAsawZZqcQW-NJKVJ2gZ-X4ErjU3dyKe398ze_1523523634.jpg',1,1,1523523634,NULL),(272,149,2,'15.jpg','m98-FUaRAfJPrCrDVj2LaJ0xxjQ28mKg7WRk8N8Wj-L1IOQz7nJ_2txHe3Ppkg3M_1523523637.jpg',1,1,1523523637,NULL),(273,150,2,'16.jpg','Vb9UbcZX70W2zcb59-RMWh9L0jgieU6M9g4YevmZlJyEFQkE6F8GfE3T5RMjQRDd_1523523640.jpg',1,1,1523523640,NULL),(274,151,2,'17.jpg','anAllwyVWx_PyXsolEQHJsiFFPTPxQZurbkJT3UazZOaRmwW22fXTDHgoL1t0xv1_1523523644.jpg',1,1,1523523644,NULL),(275,152,2,'18.jpg','YSJOyCrMsoJrfzan5PWFbO5bcj0OX4gJRwKK60cdQNxpR4hLK3_y_sikjZkMlGN__1523523646.jpg',1,1,1523523646,NULL),(276,153,2,'19.jpg','Mj5mzEEU10tQRpqhZTNnZtnK4nuVeJIOLoYFbDFf7yLndsGNguLjpAlx8ScMV8Z7_1523523649.jpg',1,1,1523523649,NULL),(277,154,2,'20.jpg','DPckascC7oh7O6Rj6VFGkAzjJyZ9o-LcNcvbAY0Ixv-s21C_7WKqAUjW0u1K4ly3_1523523652.jpg',1,1,1523523652,NULL),(278,155,2,'21.jpg','9d_Yz4X_1FP66VmxhMbJZfwFy3u7MgYuzFpnb0N62O2lay-Uz9MV5WjPl19tclos_1523523656.jpg',1,1,1523523656,NULL),(279,156,2,'22.jpg','p6pgAzmnYR-Eg4xpZSx-mnEwzh4yx_AmmtHYA5xFAFCuhr5zBjnn7zxqtSzqsS3x_1523523660.jpg',1,1,1523523660,NULL),(280,157,2,'23.jpg','Whi0qRpO85R9KI0V5fnqiWKiispJljyYiBr-kJbvrmOLwGZ2n3nHm7yhVLG_yiWp_1523523663.jpg',1,1,1523523663,NULL),(281,158,2,'24.jpg','BoGND3T1KrSMLP0FnisUacAtmstqhFNRy-gzhy85qxcL6RoqbZLXFe1jI0_ly-8A_1523523665.jpg',1,1,1523523665,NULL),(282,159,2,'25.jpg','SGvBPK0CpmNrgthwy8m5n4NrBZLoDimbO0ORhIFbAWmlj6C5PV3NrSw2G1q2EpS6_1523523671.jpg',1,1,1523523671,NULL),(283,160,2,'26.jpg','G9DOlPE_s0Yq_YSGmIiA6Cku_4Z4IXnV0aoTu7Q0r9s_RbZ4d5sRLzn07YwCnIrk_1523523676.jpg',1,1,1523523676,NULL),(284,161,2,'27.jpg','Acb9R731cOaFfSJM6iKJXgtaM-aJcjE7eUtZPTyz9s8ov6Dvk-aI0Rgq2YKyZCr8_1523523729.jpg',1,1,1523523729,NULL),(285,162,2,'28.jpg','qhFnByVprozIhdxUWkVG-kIlyWpmAy3ZAa53z9gfnnpIQTIajJ5BvUISBvkhbsEM_1523523732.jpg',1,1,1523523732,NULL),(286,163,2,'29.jpg','TPQU5cqI9HR0NsDM7L9V4sOA7l1ATindXjAAg6Mjw8KOZqvixK4wjx3lHLmN_y9__1523523735.jpg',1,1,1523523735,NULL),(287,164,2,'30.jpg','HH3_F06XtnXDVktsLB4Vyix51RiAqsImBVmGKsfNrxnliCiAVD0o15jJBUQzFVNR_1523523737.jpg',1,1,1523523737,NULL),(288,165,2,'31.jpg','Gi5ev78OSRQgBmIcO2PIY7mDX-PCxpmVIr7QByKtGsr5VRc-MuY87jauux_JbBSo_1523523740.jpg',1,1,1523523740,NULL),(289,166,2,'32.jpg','TzKB_AlFQtV8UmK8vSl_lZi2Z4SkHZjbSoALpB3rVKNkm55UeZ1vonSNbBURwgYC_1523523742.jpg',1,1,1523523742,NULL),(290,167,2,'33.jpg','aMfWRu3K7KjDroFL_ieBUwDtuUhimR6o9KjKWSmG7HlyMQyDCMBIk6qjR2FAAlJX_1523523745.jpg',1,1,1523523745,NULL),(291,168,2,'34.jpg','OO6AfOAyHY_M0U2YBAvnJcRWN_ECz0qceVhcZHGJLSZFdKEZHG87ALfOYr9ngcN3_1523523747.jpg',1,1,1523523747,NULL),(292,169,2,'35.jpg','ajAWH9BRJmUkikilj0StoE3bVEII_0FWj3Msdz2E1G14HQUWQ4bZ_OxJJXQD4m96_1523523750.jpg',1,1,1523523750,NULL),(293,170,2,'36.jpg','lc_eyuahqReP9lzY_Ncgu0Awo5fRp6Zv3BRIOdSfLzVw0avTrT-AjqMYjoiKmgsS_1523523752.jpg',1,1,1523523752,NULL),(294,171,2,'37.jpg','17PXLiLvuRJ4pKx2ZVHbxQrwKNZAap2WvM6bWwMpg7pvheUr5-KUPDT8VuQsJKEP_1523523755.jpg',1,1,1523523755,NULL),(295,172,2,'38.jpg','MCCt-MFogAYGbkYd8gbQsG18iUAfrC76vQvdRZhTqBbbp5LqDk6y3GJueG5UoptH_1523523758.jpg',1,1,1523523758,NULL),(296,173,2,'39.jpg','i2K3OFm1x0Bc_H2--w-4tfa88Cr3fPlMwlkmK3FTgVkVAUL54EbIicB9XgkLp5p4_1523523762.jpg',1,1,1523523762,NULL),(297,174,2,'40.jpg','YgCI_EOqqKiNxvYKOYhh_AEx4sA6q9z_H5MyReXpAviXGKBWdrTsPPo0wv9tJgXe_1523523764.jpg',1,1,1523523764,NULL),(298,175,2,'41.jpg','ozsssdIll2KNR37INax-G55Bq38l8o7AqlrFipLsZGxIpiSxHUUSVe0UXtJWlev9_1523523767.jpg',1,1,1523523767,NULL),(299,176,2,'42.jpg','z7d-JIGywQp2bQsMHQ7FPXcfBwYcq2wbhgg2wbG8eIBupJxX3OhbwAodF1poUujf_1523523770.jpg',1,1,1523523770,NULL),(300,177,2,'43.jpg','RubZq2nhKsmvdLIAAxvbUJuayWKvIZllgT0-qzaGlznzHZmidrkyOUJ5Id_20wkn_1523523774.jpg',1,1,1523523774,NULL),(301,178,2,'44.jpg','gz-qEJL2UxhVMZL26luxufJjhAthGMhD6dX7o2Psno7a7uy4EJwP6VQUycpviNK6_1523523776.jpg',1,1,1523523776,NULL),(302,179,2,'45.jpg','UW-9IzsVzYq0e19KMBMtRI07eY4qCMzhGdC1kfRNtzMbctriBQDC25k2QswEFz9H_1523523778.jpg',1,1,1523523778,NULL),(303,180,2,'46.jpg','ftrdGENTHKE0CkPScWnf6DFYWbdzJKEmGx_ROluyxJUBJDtWylgYkGUS9Ch36bgS_1523523781.jpg',1,1,1523523781,NULL),(304,181,2,'47.jpg','xHjjPno80sVBRcZp4a7cDIR9kKmxRbiv17AGYsOnBcUO18tIFPuzOdULalZWeLQt_1523523783.jpg',1,1,1523523783,NULL),(305,182,2,'48.jpg','0voqrgsPQ15-Nz4AIcgGz2U-DFZTm8CyOGm8c9UjNArTFnc7Cpd_gDXEzPjZtVPa_1523523786.jpg',1,1,1523523786,NULL),(306,183,2,'49.jpg','VfPY1UsRHCm_9ceJkAqzV5rQ4jrKcahNHGtKfb7APTVWxDmkZ0CTlod91jjup1oD_1523523797.jpg',1,1,1523523797,NULL),(307,184,2,'50.jpg','jY1EHjBaQN0uw6gPCbrAnDMGE2uPcnzVtxu3O3fiV4dMVte2R1_WEJyYKV5u1yNh_1523523799.jpg',1,1,1523523799,NULL),(308,185,2,'51.jpg','iCo8IIM36E6i3SK1bcB199OFqTQXHsleFLwy1zdUWcEAAWRoLVgAwB0bLEDbVzrj_1523523802.jpg',1,1,1523523802,NULL),(309,186,2,'52.jpg','srJ4vgZBAJOxiebZDQhcfCG4WfLrO5hiyYzb4PZn8VIXETQv0lNc3kWfQQazNm1N_1523523804.jpg',1,1,1523523804,NULL),(310,187,2,'53.jpg','wgQpYVF_fZVLJ6fxD6ZOVTSi8nO4QxA35_RLe2rOmqhPa4RBWbqpUUgn7KK3cqdF_1523523806.jpg',1,1,1523523806,NULL),(311,188,2,'54.jpg','C9A4zPaCYla9NBcLjS2ek4lCR50p-IUQG453YbTIWU5goZhXbvPUd112jJCt38hl_1523523808.jpg',1,1,1523523808,NULL),(312,189,2,'55.jpg','W17R5RmJUk4DHjw_0M_xZ3sXiPAKVqthEyw2jKysXlx2zw8QkW9-9c9ZqFYlYolC_1523523811.jpg',1,1,1523523811,NULL),(313,190,2,'56.jpg','-d8EPYzBVkZePl8_DRChrQZjeQB2SW6XI9Z7fIYx6YUbJf8q7KbAvbT_ObXgMKT4_1523523816.jpg',1,1,1523523816,NULL),(314,191,2,'57.jpg','LQ2Qczs5tGXKiFZayLmZmmukxyTft-bchO4-DSZeX6A62QtCQxHUGBZPZ4RtMyju_1523523818.jpg',1,1,1523523818,NULL),(315,192,2,'58.jpg','N7hN2lT2u8EUvEg2rWoZs-LgWbPBanFH5GOKaXDUqE33_pX209k41Oz45X968Zui_1523523821.jpg',1,1,1523523821,NULL),(316,193,2,'59.jpg','udwmFA5Vks05XUdifoxys36P_2YJarBpfDietKcX5QdFE0VlHvysJHbgjOz4zM23_1523523827.jpg',1,1,1523523827,NULL),(317,194,2,'60.jpg','1ZLxYZZuKf4xU9qFryDiqrIFRqfhSLUI79eQElr9ClUgWla-5pIuij8lSIFwxFBL_1523523829.jpg',1,1,1523523829,NULL),(318,195,2,'1.jpg','jbExG_MZ4xad3MjoTsRPPCTf2whtlR4Xp-yu9G6UCSqJyMDN83o0WByvHkNTSNZK_1523524030.jpg',1,1,1523524030,NULL),(319,196,2,'2.png','yOD_COsBOvC2V9Sytt04CX_mXv784jzUV67v1sLHqwC5MRw-MbFzJtxsp76N-XGr_1523524034.png',1,1,1523524034,NULL),(320,197,2,'3.png','HgrByyFAOoaU7KcKAZJENzDIjbIRyVEIJs43OHxtOF_D9QatsLXSoOQd1eM0s8Ar_1523524036.png',1,1,1523524036,NULL),(321,198,2,'4.jpg','ORsoMz7uHh2G8d7Ek9aw1f6_vBpNIu2nWJigkfufLOqix0Qa0ldu59yAkYShvDzs_1523524039.jpg',1,1,1523524039,NULL),(322,199,2,'5.jpg','T-Rtt53lp-3GDVOo7SLkjPSxcVYHtYXWstid4Dfrq6rK9znFODG-OT6DhjbWTg7n_1523524041.jpg',1,1,1523524041,NULL),(323,200,2,'6.jpg','7oKU5Gks1xBHwx6Sw8f6bBYi9J4u4guI45bHX7F9Jb0Pjc8E1NOWj5nD-76ar5eT_1523524043.jpg',1,1,1523524043,NULL),(324,201,2,'7.jpg','J_VUAsKmoZ-CJCDdrx0rnHZR1LfRztqhYlPTmJQvJ7M3DoUyiLmoHPWDEcfHNABn_1523524046.jpg',1,1,1523524046,NULL),(325,202,2,'8.jpg','fehUylAZN8cHp1baUuvhNw12g46J2XRYhXuTCyOUak8H6jKQqh3TkHy_ewtcWDHx_1523524048.jpg',1,1,1523524048,NULL),(326,203,2,'9.jpg','r--wBygwmF43jT9SbSK7Pfvr0spVwo6XRjB2DCsQJM-EcPX-RxxFoq8Vf_92nZnl_1523524050.jpg',1,1,1523524050,NULL),(327,204,2,'10.jpg','2mSAudKfpMLX5t4iMlxtezZc7pp0F9NAKOOF-zA0_TVbR7ovUjoqX7eBOzVbDdUx_1523524053.jpg',1,1,1523524053,NULL),(328,205,2,'11.jpg','Mm4wfn60EJEX5yEsoTVfd-9q0XhaxwnudiBmXCWtmCQv0qYMkx1bQYGf0gDK3NwP_1523524055.jpg',1,1,1523524055,NULL),(329,206,2,'12.jpg','2DjfJL5loUZjckY7s4eQyQBkjrwohHE8MxAQXjRYV_RuVF6Y6WgCA7o4TFbJxyVz_1523524057.jpg',1,1,1523524057,NULL),(330,207,2,'13.jpg','Omn8NTM_PnnfkqWf94hG5h-uIxrrCZaaSzGLjq-CDJBx5xqn-X1V05FP2HxT16as_1523524059.jpg',1,1,1523524059,NULL),(331,208,2,'14.jpg','1_qUt1h3rWEpy84vNSFcNA4-vb_1T3dgmRTgfJkoJzg00KFMvk2NiHmh35hwNQsR_1523524062.jpg',1,1,1523524062,NULL),(332,209,2,'15.jpg','9aWN4M8xB7Q4i6a6PlEIO1pxMyEip2nrq9jsO2Z742X0roopoIVdGwnT_EFpUtI0_1523524066.jpg',1,1,1523524066,NULL),(333,210,2,'16_.jpg','hqGuungWPat8tHVLtam3P1Y7e5ZT6nVrJQbYLxZOcjnD_WJc3ILx-Wm9yYDf6ECP_1523524071.jpg',1,1,1523524071,NULL),(334,211,2,'17.jpg','IhV7K9QeloTmb6dAD-tbUl5SO1uwmeBrYeY3Q8Y9UDb27IIuDIQo7dG3kSN9t9jh_1523524073.jpg',1,1,1523524073,NULL),(335,212,2,'18.jpg','srWbhD-b6xETqZCBdh-bAyCvWkfI9GtaB-kncPgp7ZK6d5yL5i2EydJmggEHSWcS_1523524076.jpg',1,1,1523524076,NULL),(336,213,2,'19.jpg','LX06v1EIpwRV_1mXz3nZAEoVTmxH9jPAHx4uMZrLpQocnZvOixpL5oRK8tbGYIn0_1523524078.jpg',1,1,1523524078,NULL),(337,214,2,'20.jpg','uwcGWVG3cIr7AlRbh_PqY-5zJ0sATSqOxz9zouRm8sPo_Vi3Wo6LOKr1tpBPGAMw_1523524080.jpg',1,1,1523524080,NULL),(338,215,2,'21.jpg','NbMFm6kdKvyNqqpi5EMmSHoysGtQ4c5EI_tgnf4Rj-XGmt8gCKkC2hAqGyskwAvz_1523524082.jpg',1,1,1523524082,NULL),(339,216,2,'22.png','QvFJao9uwoAw61ZS7M62MqNc3ZhCIJkHOYIkpEJ5exOBQAdajdlPSUaTKJ_iA9kL_1523524084.png',1,1,1523524084,NULL),(340,217,2,'23.jpg','rLicGoG-owD-laQ2meHWiMflHafdYr5ESrJcgZPvIn0N9xDb-ftDGETBU2DlNlag_1523524086.jpg',1,1,1523524086,NULL),(341,218,2,'24.jpg','hpPSOjOJRYr1L8fhD8YgMiQMYSEFsNKqHec2LuPn-dHGG74H10m2YbveINNgEWKo_1523524088.jpg',1,1,1523524088,NULL),(342,219,2,'25.jpg','Nj8rMG2sEIS_kXCIf9v3NTRZoNAPXvOSJEbSKbUpJNcpkk4R1vCNHXo3U5F_6OP-_1523524091.jpg',1,1,1523524091,NULL),(343,220,2,'26.jpg','hrUfgfv6OWKLl40nlNM4Lp3nGl_dQyH-7Tq6ZLL80FcT_ath5Fv_PHhtIFdD10e8_1523524094.jpg',1,1,1523524094,NULL),(345,222,2,'27.jpg','AGXwDfE-POIjNe6RUNRXPURmK97LOjYyfzVF2A_G1AlfCXqenPKhsh84tyydVzJ-_1523524147.jpg',1,1,1523524147,NULL),(346,223,2,'28.jpg','OnG35xT_BmBqkjtlAIrTYqhPCG6iCVurTjdasRw6zV41DFosGtq302NAAAjx50vf_1523524164.jpg',1,1,1523524164,NULL),(347,224,2,'29.png','WLRah8tLm19rjXZ6RpGu59uRLLrQs8iiO1n8NpppO395eJk9wmtl_CezYY_ji6Jp_1523524168.png',1,1,1523524168,NULL),(348,225,2,'30.jpg','RqJY3jNPK7ck6z_G3qoktuvPI1lkXgAjssimMZ9SIJ4wA98JzF60MHW4X7dY6PFN_1523524171.jpg',1,1,1523524171,NULL),(349,226,2,'31.png','Dd90n7RqmWyy3AB0B4FcxHwwLYAhsn1pTDqTO2gFSTB9CBHrL7hpFbIWjVOw15ku_1523524174.png',1,1,1523524174,NULL),(350,227,2,'32.png','CxFVu6LpXp8Xc7woWYdqh2epJY9DRv6S7ywgW1G_7CZQVZsofvEKO-ES-ESvlM5s_1523524176.png',1,1,1523524176,NULL),(351,228,2,'33.jpg','NSmJqUk13O52Q_86rG6gJIc3eMLiXAlfULHbznwANyIoGwBTPvVHnUoBVshwNrDE_1523524178.jpg',1,1,1523524178,NULL),(352,229,2,'34.jpg','3rt_ZeSdzVWf9evtTaWn2G22IrvrydLqbifTBpl1HYCOLnIIJ6y0nNsRF7V6r1rH_1523524181.jpg',1,1,1523524181,NULL),(353,230,2,'35.jpg','A4lsErekxfg9quQQ81GO8ewR2w6_K4FcvVchDsrAx6t5PoXLu6CAutQiIMiqJNVq_1523524183.jpg',1,1,1523524183,NULL),(354,231,2,'36.jpg','jmmtb9fQgGjbstzKvKUg3BT0Y_0Y7iKaIdS7IpvQjwa2xxfKt3WGK7dpPML4xq2M_1523524186.jpg',1,1,1523524186,NULL),(355,232,2,'47.jpg','PKqsvwgLrFumxWHv0xm5JWNqItSR6tPjIAWbuNhaoKqbM29Dt3UJz-aaJhfbj9td_1523524189.jpg',1,1,1523524189,NULL),(356,233,2,'37.png','g0vTUF8zvq_0oB4ZEDAnK5abkvS_yq49jxCYdwxq_i8D6dYnk2Nn8vkK3DaJX-67_1523524205.png',1,1,1523524205,NULL),(357,234,2,'38.jpg','YzpbdqgmtN4OQ94TZmgEUo7i7jBq1G02fqPh-6b5cHTFVaUE3TO0KeQzfnjJY_SG_1523524208.jpg',1,1,1523524208,NULL),(358,235,2,'39.jpg','QwC2k-ZEN_PWwPS-l1vyPMcV9UK5DS8ftrtBF0-wMVqQ6AcKozN8A3QooUq_HRNo_1523524211.jpg',1,1,1523524211,NULL),(359,236,2,'40.jpg','B6fvrBNtU6SZEZ51m_GuZDB1WIK05MRERxFrXP03d8wwe8cAZVkWZRKf6J_hZ_P3_1523524213.jpg',1,1,1523524213,NULL),(360,237,2,'41.jpg','SYiR-ULDgineQsJvLXLSvkae5c9VMb26sWvL_OoDOmGPh9HKR0nqpCSeCeDHxONz_1523524216.jpg',1,1,1523524216,NULL),(361,238,2,'42.png','kSNsL8n6dXbLd8NpboCgtUYGp3S85IevoX63CfiJSq2tTYmDZ5COZbO2RmKK69lu_1523524218.png',1,1,1523524218,NULL),(362,239,2,'43.png','Fvdru3UMpNzBmez39UbWTiYnNnMWsjEbXt_qVKdHUWuKrSwvWIGFITL1U9pGObkO_1523524222.png',1,1,1523524222,NULL),(363,240,2,'44.png','N2-H1JE1jiwv77Lc7JXWxwkOE8eTwRoG5e8KJap1fwa92SR2hCzPN7RH9rJo8pwX_1523524225.png',1,1,1523524225,NULL),(364,241,2,'45.jpg','ZpD16oMLlXzq6aJxQq6t29ieX6W8MjAsiTqf6XU_6SX4xKEphRNVU-w2pW2gJgbi_1523524230.jpg',1,1,1523524230,NULL),(365,242,2,'46.jpg','5QRNerm8WNnwl__Cm-_wdbdv75XGgkmUV_nrpQoR2NwzWFOqvAHYYaTCk0wQAmQ2_1523524236.jpg',1,1,1523524236,NULL),(366,243,2,'48.jpg','5nlMzamVCM1GCJNY_zTFTqBGS4kUdSZOAxtMHWpfjSrSnUk-62lq2j84UfbxCFg8_1523524239.jpg',1,1,1523524239,NULL),(367,244,2,'49.jpg','GwK-NKurWUnadXvRouwDPTFIqbpXSQGMvTxzhkm7W-LfsuQJeLtP1weU-2pNxaCE_1523524243.jpg',1,1,1523524243,NULL),(368,245,2,'50.jpg','fQ9FswWC7t5koKyVU0uIRESpsfvM9AS8NSJso8NdvKiu0T4Og5eAqbs3rpYxEgeC_1523524246.jpg',1,1,1523524246,NULL),(369,246,2,'51.jpg','jrPzoEUzZEpqwE_F63R_tWSLDscNZYn6Lth2hthxaf9EBL8hJtZkATMXoHk5gkuv_1523524255.jpg',1,1,1523524255,NULL),(370,247,2,'52.jpg','en2T3XBy5bHgaUh-GcLR-lu4I7TsqYUL_hlPp1EVCnkEMLHJ7jDFTbA4NtQGtz-l_1523524258.jpg',1,1,1523524258,NULL),(371,248,2,'53.jpg','wa1EM_SfhxRmIeMH20Vxk3_E4F4_YAu79djfZ0iWK9zVJcAqOEvVbhdRDtZr8IPk_1523524261.jpg',1,1,1523524261,NULL),(372,249,2,'54.jpg','b1QyD_iiFrjVOehwuHmWv5jkNNBKCvKxul5HIjprqy0teNhRuN9g5TXsLgxlIeyQ_1523524263.jpg',1,1,1523524263,NULL),(373,250,2,'55.jpg','CpsNRsBx6sZ_G_fhwLvADekBEQYFiKlpoO_Nm1Nr8_bpvaYJ0Jsbuq7L-cT8uidB_1523524267.jpg',1,1,1523524267,NULL),(374,251,2,'56.jpg','rZD7ApOfCg6Uvd5BImPEaMTs-6O0L7XEkBmc95tcAqCpVPbNnXMSVNOPDCgfjzb7_1523524270.jpg',1,1,1523524270,NULL),(375,252,2,'57.jpg','_qzSf96k94iuaAqepYM09LNqV_4eoy_fr-zNgpBHvXHFDTfaS-Sql0yb2bBc2HIx_1523524273.jpg',1,1,1523524273,NULL),(376,253,2,'58.png','4rgaTvUNymVd6-5ThQEFAilYfspljJ-dRDOnoUQfX6fzvgA1vw3IRSKOdj6zCeuy_1523524276.png',1,1,1523524276,NULL),(377,254,2,'59.png','IVmuupPYAFJ2af_Hg5uRtlrtFiAPmOsE7apctBArHv5YQoV23jHNRq4wV_1So9K9_1523524278.png',1,1,1523524278,NULL),(378,255,2,'60.png','NvK0--c6SFvyeEzb4K2IPBeJUZQr8Akj7oEpiIViTihy6LSVcr0HDNZg1HMIUMhR_1523524281.png',1,1,1523524281,NULL),(379,256,2,'61.png','yV00XvBwiadGAY4XT81g2tdtX6QsGMo86ozigedtcH7a30xzi7cUgFNdhwhm89Yz_1523524288.png',1,1,1523524288,NULL),(380,257,2,'62.jpg','uoi5unId1Hv-RdNE7Uv2vTSur5f5GEiZShXMA1KZlNXBBAeZK89M3xpok8XFLF5t_1523524293.jpg',1,1,1523524293,NULL),(381,258,2,'63.jpg','lEANMDaNdteyLNMGg8h1uo6XhcvV0nPSn2bAVdKyjCN-QGXqy_XnhSzag-fe4nXh_1523524296.jpg',1,1,1523524296,NULL),(382,259,2,'64.jpg','sEbUQZJ24O2Hpnx4_JWQE7ghDGGZ4J2KxZGvFswZemZ27wvtpB8rafWMXpvyUq59_1523524298.jpg',1,1,1523524298,NULL),(383,260,2,'65.jpg','xrZHoYJ5wQjFJCGFMvdEIyWM8SpGYCHnN6Mw3KesP5xR6ryWWnH3vKRCqscevD5r_1523524301.jpg',1,1,1523524301,NULL),(384,261,2,'66.jpg','dE85teSGG9j06rDxJ78Iae0ZcUeJOUQ5akIB1SVTGWen5XvK62LeI287_uPlxWNo_1523524303.jpg',1,1,1523524303,NULL),(385,262,2,'67.jpg','hJpLyOeC-wgfWKebTl46-ggNL3UAFTVKDh6uyJGnM5EYs-pNVye83xy8d6Bep90__1523524305.jpg',1,1,1523524305,NULL),(386,263,2,'68.jpg','Jdb2fOqS_ctNwFl4Jd0-di79PJL9hau8n9boiP8Ztbl7LRaSIkw24qvf5Y2jhfYN_1523524308.jpg',1,1,1523524308,NULL),(387,264,2,'69.jpg','-8XYGh9IDpe7uTardWztX9Wpp3mzZCcLW-fLcXfnk9O73IvrgZ2MwCiy-Exl7Cgd_1523524310.jpg',1,1,1523524310,NULL),(388,265,2,'70.jpg','1E0tGgqfA5DymDvNIpLUmejQStkXSFHaf8iuHjIukF2A6ubEETKJeUN70zIWS5ee_1523524313.jpg',1,1,1523524313,NULL),(389,266,2,'71.jpg','VfOjMMxW7jU8QG6NPtkBX9TSoxZWl0JxwwVO3fXlsoRrgUKA9mg_cg3p5e2AMfqF_1523524318.jpg',1,1,1523524318,NULL),(390,267,2,'72.jpg','Y5qFqPDismHVNe1r0Wp1enUnFDAM-aJqRR26aOdDwwjZ94_We6GXJip5U639CcJC_1523524321.jpg',1,1,1523524321,NULL),(391,268,2,'73.jpg','W2VutZS93ybAVMuaL0NtoOWub_31WBEOSsq1F9oNmSmuAdVqz5T2klhmCG2iLrI9_1523524323.jpg',1,1,1523524323,NULL),(392,269,2,'74.png','jsU79ApFxPIXsAyLcr0f_NZ9rELZUjDKS3o6xQeFmZOiPqKIIZm5f1cLTHINZTRF_1523524326.png',1,1,1523524326,NULL),(393,270,2,'75.jpg','KQWUTEh5iznBZfpVfulTmfCeVXBeE4k5xvNCqLfMUfOcjoyuCjzX0qEOPWBCxEhr_1523524328.jpg',1,1,1523524328,NULL),(394,271,2,'76.png','Mj-v9gR7oZN57hd1k42RMyX3VBpbJbMwSEMyQtKMgPLrDAEfNpCxGiPeR4BG2AXY_1523524333.png',1,1,1523524333,NULL),(395,272,2,'77.png','SwwJhoU94Hk9FrrbSx405i17Afh4NiLL1VehCeYYpstkB1suKwSMebLPTirmlvJv_1523524358.png',1,1,1523524358,NULL),(396,273,2,'78.png','C8MdJXgJFamh7CxrvyIgGPKuTBFBeDUsL3U7slwPORi27TmgiWvS904UXPO0onAh_1523524361.png',1,1,1523524361,NULL),(397,274,2,'79.jpg','Q-EW_IuK07JkCaYmQfcrjGOaQRpxwweLL9aLepeE4L9s80wWpSLQzXKYHv_xy2x6_1523524363.jpg',1,1,1523524363,NULL),(398,275,2,'80.jpg','ByShrmQoT2FwX97bvAxR9lLB-NmI2ObejDiQK6yZSX43wA9jNQV9Juh2nc-zhEwn_1523524366.jpg',1,1,1523524366,NULL),(399,276,2,'81.jpg','QYjNRFc9m_kreUrXTkZEOStWLS6QRwSyW_PbRFE3qm_lgiTI0pASub5Fn6fihfKd_1523524370.jpg',1,1,1523524370,NULL),(400,277,2,'82.png','4raGChQ6T7NxG7a1xNV5O8k_zx4QrwMmT8NS94AhztMGJXW4TK9jKzJlR4Liokjs_1523524373.png',1,1,1523524373,NULL),(401,278,2,'83.jpg','XL92PBVjUKWWL5ibEjEy5B6LC-oE374SfOc-dMnBXqeHExiiEeOym5Pp_fkroQgt_1523524375.jpg',1,1,1523524375,NULL),(402,279,2,'84.jpg','wSWqhgJtAukXOgPBLpYTOQueQn9WEnw19uPRxKgUEEsxpVbdGct0cTdawkzuJL66_1523524378.jpg',1,1,1523524378,NULL),(403,280,2,'84a.jpg','07qjLqjLmhq0AJD5XESuXfQ38xiiHZCwG-P6wi1GqAKcXkEDlLom0MsElMqrTkR8_1523524385.jpg',1,1,1523524385,NULL),(404,281,2,'85.png','DusX3bO3kf3suBzhDw5-5cLRk7nNoBOGzxWt0hnz_vU4GvqGW6IAUSgIvLVLyCUq_1523524387.png',1,1,1523524387,NULL),(405,282,2,'86.jpg','xVSnPoRO6XnNsi-0BlbmtQfUbzJHSortW0TC5zvHFEKLIP9Pgq4cKE_HHPNikJE7_1523524390.jpg',1,1,1523524390,NULL),(406,283,2,'87.png','x3HXnT2cZ_Fdce6TjZnmJbtlzUkAFNPLH9-RtVjEJVht6d5LmV75GUxa4nb4Lg2Q_1523524392.png',1,1,1523524392,NULL),(407,284,2,'88.png','f20H8iBaJYbiS_LM3evjELgtul4wCpqRwK8_cjt4J8KbKjCmM9UkfnCzEoXMmaYv_1523524395.png',1,1,1523524395,NULL),(408,285,2,'89.jpg','DP8VPrkjVwZaZZ-_lTnRQ5cjBq0RZS3LP7qbd3EVl39v-e8DpI9emslGTsu4vyJ3_1523524397.jpg',1,1,1523524397,NULL),(409,286,2,'90.jpg','JO6XR8yaacLTo4LqVxgeTjjW_-yJJMpHNnysW5aB1TxSnBJyZHYBkSL2fK_L6DnR_1523524403.jpg',1,1,1523524403,NULL),(410,287,2,'91.png','p3ZJmLbFkelP_Q8Nj9PE1LVxTBtG1B2gfEBhsAYcLE0ozrjkfCT4u7UbKDq7sj4K_1523524410.png',1,1,1523524410,NULL),(411,288,2,'92.jpg','NNmrkzkQrsYL9JqF_ErRb5vRAkOY7m7gc2JiFo9Li0NyzWsvfsqgFwZEiuiw29Rn_1523524415.jpg',1,1,1523524415,NULL),(412,289,2,'93.png','fuBs0msjaHOIpY-sy4V_kgFu0VgayaqFIClwdah3UeZoOmRJCYmJ0XM7D_bs6cPx_1523524417.png',1,1,1523524417,NULL),(413,290,2,'94.jpg','iGhe3EyJT41GQYbJnzD6cE2XOztHSxG-NBbTjR_a0g_iqNLA55JDw2H2Kiw21qpu_1523524419.jpg',1,1,1523524419,NULL),(414,291,2,'95.jpg','_sPoaR3s9PG5TayIXILIrRo-Pl_wPG432q4DwVPdTH9QotF6c8tkRDICBPiK1U7H_1523524422.jpg',1,1,1523524422,NULL),(415,292,2,'96.png','bm7k_UZAsdMM51GUoG0mgLBgPDHpjmWk2EWds__OZXuPYaQ-gXgGEEdnwSnwCa57_1523524425.png',1,1,1523524425,NULL),(416,293,2,'97.jpg','kgjKL2mdxGOd0pdGAT27vmlc_Npu0vR4P9oQkgZPHx7AaxqosPw3eBelQZ1JQIUj_1523524427.jpg',1,1,1523524427,NULL),(417,294,2,'98.png','Q4OYFJxtLkU-UqK-IiHI_8o-buN69tpOFbBckhTj9OU7X2E20cEaeHMAb_pkMy3l_1523524429.png',1,1,1523524429,NULL),(418,295,2,'99.png','PYCYup22IZvRTuTS_po2Ud2rUzb7ZlvCwNxZ_Fw_dDUmO6wGU_Fgd6eUGdJrmor6_1523524432.png',1,1,1523524432,NULL),(419,296,2,'100.png','XFmaXoSSpxqpAZUwBlWyVsiHudIRCECrZCHQT_8OVdU6z7uUVgcDESbkkRK5e6ly_1523524437.png',1,1,1523524437,NULL),(420,297,2,'101.png','E_7cPffpNnhNLZ3rysfxTXhhmZPETrKNkucfPns5BHW7u1540hSSczn6WxGrlXrH_1523524441.png',1,1,1523524441,NULL),(421,298,2,'102.png','e2ygAwATFWNP4XAzWZXeSkCYalzTlmwh_j0bZ2QXx1U89m79NCnfBgwanAwF5wi4_1523524444.png',1,1,1523524444,NULL),(422,299,2,'103.jpg','lqBvhNUyKoNqU7QK59ZUDo0aH6ZxIwvsmcfHq1PJe8onR-QlbGkcI7W7HRlRQNcd_1523524448.jpg',1,1,1523524448,NULL),(423,300,2,'104.png','tDY07XXJ-XDfofQO9s7XiLSSO4J8DSzioBn2rC-7uAFnq1STjJT6SaZOepRtWDJq_1523524450.png',1,1,1523524450,NULL),(424,301,2,'105.jpg','4udQ-avY7sFotm_C59KNcIXjZ6UEAcHIr2ZZqPYR5SF696Jf5HqTZBskRT8xrSTA_1523524454.jpg',1,1,1523524454,NULL),(425,302,2,'106.jpg','8ui9CSjjK-mjUcBYSH0RxsUiHm36idmG-BW_xAPQq9kfUcpOjzwOYbTZcwNutUgu_1523524457.jpg',1,1,1523524457,NULL),(426,303,2,'107.png','RKG2P_W8pa2xT8I4ZW1jy0vXJygT-pfPsisUWsk2KK_mgtK6HIBS5IlFHOvm09lG_1523524460.png',1,1,1523524460,NULL),(427,304,2,'108.jpg','qqMZEERTJWdHh8H4R8sKfTJyvRUxgnQCDfJYP6UwSpbxNnRcESP_FU1l7ia6kIuQ_1523524463.jpg',1,1,1523524463,NULL),(428,305,2,'109.png','y2LpHfPg_Zmc32sT992v8TnIQw7WLPEmgrev7y4PVFHM4MiX4TTv5BldOkEvIG0Q_1523524466.png',1,1,1523524466,NULL),(429,306,2,'110.jpg','ZhnGEJA2o4zFWYCqc0e9JsYG7NfB31EdVEia28fzkZ-oXivI_JWQupvf3Nyy-9kW_1523524472.jpg',1,1,1523524472,NULL),(430,307,2,'111.png','TH9W2ojMbwrt9S5q4UNI1bINhKMxa3RgeJZ4fLCwc_kUx7JZe9TFsernEalGfQUf_1523524479.png',1,1,1523524479,NULL),(431,308,2,'112.jpg','orQJCmnOfVJRcSZRBRMbH6TC2YYVIE02RYodg3R0sBXG-7nEabqGhbpuU2oTGk6I_1523524481.jpg',1,1,1523524481,NULL),(432,309,2,'113.jpg','OlHRAVSvum-TNeCMb8uQOCSB_IyMu0oX37BWQmQ8UNF7JYJfAWwGAcnTvAP-mbri_1523524484.jpg',1,1,1523524484,NULL),(433,310,2,'114.jpg','gMv9vGPtrz0r05uOsxVhhftYr2HjawSu2rLyImVD5PuabBrqJYhhXQo5XHjupylS_1523524486.jpg',1,1,1523524486,NULL),(434,311,2,'115.jpg','o_3312q_fAhrloCbkwXbNN4_9_v8duLo1gU8X9v8U9rLnpk7BC3jnG5OTX4cPGSw_1523524488.jpg',1,1,1523524488,NULL),(435,312,2,'116.jpg','1H5QEXDdIB-tPbl-GOj1moin2P5dIg2SpryS3nmX_sb33J84khzFBC93F8qyLVY0_1523524490.jpg',1,1,1523524490,NULL),(436,313,2,'117.jpg','-qVKqjpI_j9J0dMVXhHJN4YuYmQ9jkovawG2kGJMEzq5hrW3dLVyPN9quP-J2woJ_1523524492.jpg',1,1,1523524492,NULL),(437,314,2,'118.png','b0vd2ksL88t9irIbZimoydMnUGMQQgHwEkBK5zBy54Is_KB-g7Hf866EErjGqWie_1523524495.png',1,1,1523524495,NULL),(438,315,2,'119.jpg','kkyOVHEMKWJfGF4brF73Nob9POH1_oc_54wb_yX9shwezNUjTLNU3gHwbvLtvd8c_1523524497.jpg',1,1,1523524497,NULL),(439,316,2,'120.jpg','jkTyewL2YSrxVJOr0gNvZdXJG8p_pR3cahCmwkEt5vZ_8vv42e1XhQHllNx7HlP4_1523524502.jpg',1,1,1523524502,NULL),(440,317,2,'121.png','g4VlTV3M7ckaT5k3WVGvzgGVr-mlCrpwhotuoMDUgNEi1c2nGe9TsRgSlSG6yZah_1523524507.png',1,1,1523524507,NULL),(441,318,2,'122.png','xK2r8SWpwTk9HUVxOTz1cfl4ZqitIPCp0cLzeLIDtQhSROe9KNfCFflBX8BSp9Wb_1523524511.png',1,1,1523524511,NULL),(517,394,2,'Background.jpg','p2PBx_nTzL7ldiDWRXARp_LE76ROB-2izZzxOjYi4N4zBcPGr_SUpKsfO847W2nr_1523525605.jpg',1,1,1523525605,NULL),(518,395,2,'background_6.jpg','VrMzb2Qh8Ro5mxGfEz5LuigPjdnffddQvHIdRzq-eWTfh8fbyBqRDum2FYMdrkuq_1523525617.jpg',1,1,1523525617,NULL),(519,396,2,'background_8.jpg','Ej8EGM8oELnLIdPS92QC4ZDx4Kf900Q0Z1mdbt65Zxm18f3IhRpg6RwoQuSS4ecE_1523525630.jpg',1,1,1523525630,NULL),(520,397,2,'background_10.jpg','aPQmVgU-1ygzKKnnZ3E46HTUKZ7hiTEl6wvUKarR-2h73CugP5jy1VxOeNiT4nUN_1523525635.jpg',1,1,1523525635,NULL),(521,398,2,'background_24.jpg','Ht-mpWWj2GtMl_hLwzJGnAu9e3zTKJsJtHn13uLSys5IolP9VFt_hQsl-6k9hvyB_1523525686.jpg',1,1,1523525686,NULL),(522,399,2,'background_29.jpg','P0f045f9AtJoqgTx-OxPp8R4-uBs7iP8De3vEczr_Wh0-gGrG1PxE8Xi-_Vqd4Gu_1523525689.jpg',1,1,1523525689,NULL),(523,400,2,'background_32.jpg','Q9-sCiEuDCq0Odg_8kkNh2j-vhJ4xnqmxa2dXcruMrwevAXIxpoxtg9lSOpexmdA_1523525692.jpg',1,1,1523525692,NULL),(524,401,2,'background_33.jpg','c9L-3aPcPxgR6K7mh5hRgo1m3SOY9AB2-0Xxxh0hmzLhfbofk-1q-weW8-_K8aoN_1523525702.jpg',1,1,1523525702,NULL),(525,402,2,'background_35.jpg','eFkyImPJKn_wxLXrCwDm3jW_iVPuK6tiynr2YX_wJLvXJ9fNGQ5E9b5nTLm5HcH5_1523525704.jpg',1,1,1523525704,NULL),(526,403,2,'background_36.jpg','GJLjFMgkd7neM2LIHha1XolP5WnHCEBHzvBur3Yos_-A162pnCW6icBiXGqNtbSW_1523525708.jpg',1,1,1523525708,NULL),(527,404,2,'background_37.jpg','XL7WaQGPDNbHbtrGaSamTc8CKAV73eUlCl_LhEbaQvEz6tLku3g-wJeGHqlmHsqQ_1523525710.jpg',1,1,1523525710,NULL),(528,405,2,'background_39.jpg','bm1yvJAyFaNUMKBQvGVxxiLSLWUql5vP845VJCSTbt-HE1DS5IV0WLuDcA8OrhDI_1523525712.jpg',1,1,1523525712,NULL),(529,406,2,'background_40.jpg','WMUHg7SqgykhU5vQq2Jo_jlZm48rHDCGsqUyKTmHeSdSEEDFfR804NzOR5sFwsGg_1523525714.jpg',1,1,1523525714,NULL),(530,407,2,'background_41.jpg','20DEEhG3gOoUP3H7hUw0Ifk4b7CZV713c7pyyjq8ERuAbQYV4nq7Yx6VdC__gE8Z_1523525718.jpg',1,1,1523525718,NULL),(531,408,2,'background_43.jpg','30zPDhnRYX9Q4c9Utp6OVB1WEc6UL19LLI0HxzDSkJH9-rYoa9Q6khUHkqV19FBt_1523525721.jpg',1,1,1523525721,NULL),(532,409,2,'background_45.jpg','wd8DjCxXYivBSP51vOlDYr5AOcM5A86Yt-MPuLRW4kxYSSe9lnHzIooXnLl69Xni_1523525723.jpg',1,1,1523525723,NULL),(533,410,2,'background_46.jpg','kD5e36M7cHUxyI4JSpElyt1a67oGvZxje-oS5ijwo88qSE-XB_308OHEd2m0SwTI_1523525727.jpg',1,1,1523525727,NULL),(534,411,2,'background_47.jpg','ywLLwABQto5Kgtx2dQDBkkolc4OzAyWPN4gBTiOuxGxYi7fFrJFXK-dvyMK_W2Gf_1523525730.jpg',1,1,1523525730,NULL),(535,412,2,'background_48.jpg','_WnaRdU_O1T_5vM6GrBtx1L3HAbEIew0XlJb4Y9OKnvmE2kto65dGNIp3D7dhJ2X_1523525744.jpg',1,1,1523525744,NULL),(536,413,2,'background_49.jpg','5ZKjPWOGPT9OIuCOHcDRnbicSR8Owc3jSjTDx7b1ii6zt2Yi2h_5_rtri4EIX5D4_1523525749.jpg',1,1,1523525749,NULL),(537,414,2,'background_50.jpg','-PfHTat480qgqm3pR4zaYWwQSl4frUkxtGQoBfCapMheZxaaZaLNf0hUH-mZngfT_1523525751.jpg',1,1,1523525751,NULL),(538,415,2,'background_51.jpg','I8qkJNAPc7tfsLccQwNscPHVQ3W_LUwjCJZWrk1-8RQkfECMSe-MQexOMQXVQnIh_1523525754.jpg',1,1,1523525754,NULL),(539,416,2,'background_52.jpg','fBBGp_Ksr9VYoHdZ4aIR8E2ThkXzTArObVMPHgiJVed0rtRWjfSmu27TS0iKzsln_1523525757.jpg',1,1,1523525757,NULL),(540,417,2,'background_53.jpg','RGo1vL-lXSkBPQDxE0-6zOJoEeQ-Mrba4SAUiBAC7iLeB1wUz-bSxcPYRQaezxAw_1523525760.jpg',1,1,1523525760,NULL),(541,418,2,'background_56.jpg','Pk7APeVie-y2YLX4nZZ_NG8c8EF_fOqGHgAmCxNQyeGQ2ZC8jAKGfl0ZZjRe7seA_1523525762.jpg',1,1,1523525762,NULL),(542,419,2,'background_58.jpg','yNTR5s7p-61oAdElS23ZsbiSnxybNe29ueXBU_9lG9e6nWjZKn5Llrv415EQCU13_1523525765.jpg',1,1,1523525765,NULL),(543,420,2,'background_61.jpg','I67P_L_SLxNlHAuBXQ6p8S2MoaHQj5pf-9F68YEeCPWe7WMxae8tDT9RwfDg4cTB_1523525768.jpg',1,1,1523525768,NULL),(544,421,2,'background_62.jpg','LuoBUz8ISAS0zdk45zS2Bzy-XHMPW850F3zs1ELqKPQKtz2tV809LNTF34aqLRQO_1523525770.jpg',1,1,1523525770,NULL),(545,422,2,'background_63.jpg','v6iPr7zIQXNhqWVr9BGeGCm-rhyx6DZZiMedhff3PSiqfi5e7t2uDgoCeKdu8xdA_1523525772.jpg',1,1,1523525772,NULL),(546,423,2,'background_64.jpg','6eNc0QRfoWrb6pibf-HnGWTxj6KXKidOqJ4eJGSgCpmhG8UTB3GKiG_TEKxqsH8u_1523525775.jpg',1,1,1523525775,NULL),(547,424,2,'background_67.jpg','aaikcQNTovxbhbKq6mxB2a_GQuq27OgWgz0pZNSQgtRGL73dYVXyYGwD4LmQDZmc_1523525777.jpg',1,1,1523525777,NULL),(548,425,2,'background_69.jpg','R2CiR2RMWtwf2iN2dBRr3NxO1bJ5T53EQad0DYvMMxtJGJVeE_KR7cDnz48epSLK_1523525779.jpg',1,1,1523525779,NULL),(549,426,2,'background_74.jpg','gpUdA8xNCbK3G5zwR8q8FV8BJ_pfoNYsSq1Ut4imtnbTRltALldDRGSyv0T2Tv8u_1523525781.jpg',1,1,1523525781,NULL),(550,427,2,'background_75.jpg','0fOK74YPTcdSSlsAXXfZGhHZAerPLsNa_PJ99zyv-GpuIL98FiYlaXNPxeFsBcmt_1523525785.jpg',1,1,1523525785,NULL),(551,428,2,'background_76.jpg','XDZmDTjxJAD0EPsItAlVAdBjHeuIbXEt2f9vlWjroWX3nuOO-vuJ5dyXWW2mdtYr_1523525787.jpg',1,1,1523525787,NULL),(552,429,2,'background_77.jpg','BFR-FRPtedaQI_SptVtmmjn2f1De5pCq9y3kvB2u9ilUssmL_ilhg7chXs8r8NUX_1523525791.jpg',1,1,1523525791,NULL),(553,430,2,'background_78.jpg','nuDu-vJcjhhQ6bPUHvu2ci6GW6b4R7eopqkaGSAr7Vkhl6JmChjaPcZJ4a_5dmsK_1523525797.jpg',1,1,1523525797,NULL),(554,431,2,'background_79.jpg','69LN9jPbUQu0JITZnLX91W4NlpmYP7GsVuJScWTHofP_ED8fO0hGjCNYStokWOc4_1523525800.jpg',1,1,1523525800,NULL),(555,432,2,'background_80.jpg','nrFkZLz-SeTTfKiZdgP2lbLnDjvqWcCEICW-sCk1Tw2lbTMvMvPTsW-bZz8H-xht_1523525803.jpg',1,1,1523525803,NULL),(556,433,2,'background_82.jpg','wSJubYiO2qrbkiuYzx4ZDLIB0Op4MYnmpXmOfsOBnq1a0QPzBa8PULvzkwxHG2be_1523525805.jpg',1,1,1523525805,NULL),(557,434,2,'background_83.jpg','2dncbJ5cabuBf7ue91XG8fraKtbCrT1XP4t5q00FpaOrS7h3525SsHlnZzpgqz9H_1523525807.jpg',1,1,1523525807,NULL),(558,435,2,'background_84.jpg','tx3eDKvKmB0_gDJ2GB7nX6J3Q5KoTubh-XEuSPtXmBghayFOTYJe8qNt9xb3wrZM_1523525811.jpg',1,1,1523525811,NULL),(559,436,2,'background_85.jpg','4-TbM6A-XV6QNhJTWX8DWaSOv4nV4cp5jHn1JxRcTcUt8LHkNb-MwcJLXTw_xWqo_1523525813.jpg',1,1,1523525813,NULL),(560,437,2,'background_86.jpg','eVujlB1GtQNma-8UHaj_O1RY68BnOqTlMHI_SGVLvNjyzJ56Ggxm4EqV3iT6JIX0_1523525815.jpg',1,1,1523525815,NULL),(561,438,2,'background_87.jpg','-N3W5VRy9ZzMr6ZQPwR-vpODqYiInCKgpj9D7wNwfAaEJ7_Ls8ZSUpiWq6z2ARQZ_1523525818.jpg',1,1,1523525818,NULL),(562,439,2,'background_88.jpg','xi1BSHhUzNCrbSn_dMr9Y9O4aoRS17bQ7NmCtWKwaJ7oAIBrvRZW-LMIrjC7Iych_1523525820.jpg',1,1,1523525820,NULL),(563,440,2,'background_90.jpg','fFyrOQlLIan0XrcvqpfOPIdWoij5iFWhdxXg5V1pZ-ZRjxzMcuylvJjlDbuZZD_W_1523525822.jpg',1,1,1523525822,NULL),(564,441,2,'background_91.jpg','sbjRFoYBadpx11OY3vWUP3aKeh3lJcdRk5BSbq0JlIF4tje3Uco_ZHbNRlFj8z4b_1523525824.jpg',1,1,1523525824,NULL),(565,442,2,'background_92.jpg','V3qm_CvmlUslzTHfSDX-D8OvtOZMidTNWAZBPytdHKAfcHOA1lwS4cOE3wtnETFI_1523525827.jpg',1,1,1523525827,NULL),(566,443,2,'background_95.jpg','mi2z0_YHU0DvvktM3zSohEkB10Cp71RADHQcBtrao43nyE24L2qQJpF_0l6uOFZV_1523525829.jpg',1,1,1523525829,NULL),(567,444,2,'background_96.jpg','eHB2O2HlhsRrH3wEd0ebsZ95x6PYoMBebjjfDRMDGjL6Yrn1l8DqkuCTo0EgetLJ_1523525833.jpg',1,1,1523525833,NULL),(568,445,2,'background_97.jpg','Lgi18Em7CWImQPvS1_Jaw0nGz5SQnVtk72E7_MKhCplfd6XunnXyHV2CwNHtt9Dh_1523525836.jpg',1,1,1523525836,NULL),(569,446,2,'background_98.jpg','8YWMmpSte5tnFC0_dwbHRgpB0c1uY0UZsVX4Q14zzzDZI3EIB_WMoZvgL_H5Phll_1523525838.jpg',1,1,1523525838,NULL),(570,447,2,'background_99.jpg','dehLErGhm5Om5_e87vTcPJaEn00ETsIP6eh6AsdmuIlOxmqIkpEgte3eCY23gvf-_1523525841.jpg',1,1,1523525841,NULL),(571,448,2,'background_101.jpg','jVwBKlmbSDmhY6BpfVAw5DMNNgi3Tjk039PJ96iBfirKmUuL9mZAa7e1yHTFkUco_1523525844.jpg',1,1,1523525844,NULL),(572,449,2,'background_102.jpg','vw82HOpJzYVIofzlf5YAIKIEuYW1o2t40AtJ_Mzm8A06MywUgyE7oOySZBl0K-uD_1523525846.jpg',1,1,1523525846,NULL),(573,450,2,'background_103.jpg','Ajt8SlEjttQ8T9qTL-8mK4f9Yg7TtxbrTr2-HEOqhLVWRctHkGBR7AZlvYnu1HcA_1523525852.jpg',1,1,1523525852,NULL),(574,451,2,'background_104.jpg','-TcwT8Ma3YI9ovLVz4eTO72MHjfxYxXC7FhxNrxs5i6USxYvOQlKzP435rvIi4Vp_1523525857.jpg',1,1,1523525857,NULL),(575,452,2,'background_105.jpg','Zdf1xseQBdrJAg2cpF4oNyl3yv0xZ_woGW0gxpasgFwrE-AwDi3hXKfW60nrZsRP_1523525859.jpg',1,1,1523525859,NULL),(576,453,2,'background_108.jpg','DWqL2tlkfTPRdaBBKY70nJuG97KHZx-5m8T0EGQaW8x5ndqi-WDipnm2fbSdh8XD_1523525861.jpg',1,1,1523525861,NULL),(577,454,2,'background_109.jpg','4uBo0uydm_lxfzblgS5HtU7SuvAOBwJ5dgcRFGX__ZbnDeAgY_pnPF5YQEeXqrkj_1523525864.jpg',1,1,1523525864,NULL),(578,455,2,'background_110.jpg','FXHOnLTA00PyYE1sXQSAI4bHIdeoOrvV3gGR3MH6xCfB9BD4t4GhUwSr1hGVw7fz_1523525866.jpg',1,1,1523525866,NULL),(579,456,2,'background_113.jpg','doik5bjI2nfPY2T_BXg7RyTLd-GNMjUOTdQGEbWFn92qoS7B1fpFxQsrVz5U-HIL_1523525868.jpg',1,1,1523525868,NULL),(580,457,2,'background_114.jpg','24NFOdpNNU9sNY8ORCdkGjfgHt5O9uKq8tMfSfsqwH48f8CH6MWGmjVd2S1hBc5Z_1523525871.jpg',1,1,1523525871,NULL),(581,458,2,'background_115.jpg','NPHy3tpmg4woTKl1Wc3uZcpBdcJyAnJTjs4phR5C7hxN0JRTTRjXDZ_IhYEJCNhz_1523525873.jpg',1,1,1523525873,NULL),(582,459,2,'background_116.jpg','3k9I18Ed9naxLUaf9qy_Z7_6yoLzum3YSeUE1WDF8GfTUGxsflyxb6mNiziw_MLU_1523525876.jpg',1,1,1523525876,NULL),(583,460,2,'background_117.jpg','aeIeFgV4k8VH4qr3fXDaM8u_kYj25-eOGPCmwiUEooPMxZlwP7Uh2Zb93_PS4JBE_1523525878.jpg',1,1,1523525878,NULL),(584,461,2,'background_118.jpg','i_NFOq7RiGSouPTkHwDyl4OXiUQe2h0k0yOByfh0LFqQhNKinZLL7-irZ1LwppL7_1523525880.jpg',1,1,1523525880,NULL),(585,462,2,'background_119.jpg','ooyWe8tIn92YFGP_9WpL_8g6jbMqPjMS1nAfzBqlceaUc17AgOuJZKABB91qJDW2_1523525900.jpg',1,1,1523525900,NULL),(586,463,2,'background_120.jpg','aQJV-7EcDpM_KVrjcLv9ZL2Aoj0E16U-ENIlQNyoQT0-1m2yAyZLcdZqSvtwiuof_1523525902.jpg',1,1,1523525902,NULL),(587,464,2,'background_121.jpg','JJw_nPYssTCvI7O1LuyAz4kai8xc_MqQVwE6l20_H3AhoZnagJt_ttvfB2Cp4xft_1523525904.jpg',1,1,1523525904,NULL),(588,465,2,'background_122.jpg','2f_uW_2kTwlI-hd-mwX0OnGAKb-bAy-oAVf6nA2x5l_TCbllpJx9lLT1us2_CT2i_1523525908.jpg',1,1,1523525908,NULL),(589,466,2,'background_124.jpg','6EKSIrDz-vi71aXqymllfjDOp6hcos-tKa2wWBPAmxk9t-gkfRfr_xj_Qaw_Vjn-_1523525912.jpg',1,1,1523525912,NULL),(590,467,2,'background_125.jpg','9urZ54OtKPsl9lH3a8lvB4fqRMUB8C36-PxA4C9ip7UEoCHSGHb2SWXtJRm1mocz_1523525914.jpg',1,1,1523525914,NULL),(591,468,2,'background_126.jpg','5fQeSVjhH5J7Ck4KX4dkbPsLf-LyANzT3tOS3l6Es7O_Gcem-14-aj4Cng-17RSz_1523525917.jpg',1,1,1523525917,NULL),(592,469,2,'background_131.jpg','hMEuvglLf3b7OAlx0Px5gu04ca6ULNLR36QhhoBLOohQoYepNWWgmbP3sTVkQl1C_1523525919.jpg',1,1,1523525919,NULL),(593,470,2,'Background-1.jpg','w6pVKNeQ94D-YewIOWIbttpzn1IVZdjwjcOc4ONhtr3vcNsN62UfG0xU3jsgJq2y_1523525921.jpg',1,1,1523525921,NULL),(594,471,2,'Background-2.jpg','e1y4V-WGTNOIxyeab6lV8F4N9sQIl36RADTnQu0OYTi-XIUky3xWmGhR7Oqx8NgV_1523525924.jpg',1,1,1523525924,NULL),(595,472,2,'Background-3.jpg','0YfOl8WHKPC61qWqfIPPMhvj5pGkennfyG_Nq9adci79SSGZvo3ZitDWZXXIQNBq_1523525927.jpg',1,1,1523525927,NULL),(596,473,2,'Background-4.jpg','jToQHD226YEtPOFu6hxveAnlPofE-l9nd90ebci5r2nZh4TTi2_X22cex-wFVfJ7_1523525929.jpg',1,1,1523525929,NULL),(597,474,2,'Background-5.jpg','wDkwON7YnJumDs6F7JWVlJQKdJ5Su-pc92rJ-rIsWwXg1vdliDxLatPgYX2izPtE_1523525932.jpg',1,1,1523525932,NULL),(598,475,2,'Background-7.jpg','11wmX9v24zpyLzMBlM59BVDb-zK-h4LbXUcIcNVBLMEvHnu8iVnac4ufcc2bSO5I_1523525935.jpg',1,1,1523525935,NULL),(599,476,2,'Background-9.jpg','S9gLE1hCVgdutSTlWDcU8afO7SLL12CyMdmY4RUVup__88VPjqK-8AxD9LCoHXgJ_1523525937.jpg',1,1,1523525937,NULL),(600,477,2,'Background-11.jpg','qK6-Jarlvm7USYtj1QrLnQ3dCBtQbjo_6n1kJXCoh5a8V3LZ5gcXqkNKSb5ou6St_1523525940.jpg',1,1,1523525940,NULL),(601,478,2,'Background-12.jpg','XrHT9vPenRknFW8XFq6_N-Vsd0chJWujNyiBYbTyAmE4o6eGzWTzZpD3WUzfznaZ_1523525942.jpg',1,1,1523525942,NULL),(602,479,2,'Background-13.jpg','CDHOSNrL2Y9gls22mnXhT01Gt0tQcU-DxrX91FEl2JuxN1rSYk2XUMB8fG6IChrB_1523525945.jpg',1,1,1523525945,NULL),(603,480,2,'Background-14.jpg','AtHrKCnWB5dK1k2ov3mes24Pqf7Zzqe8d5C2gpy9C-bYQ1A81RbTW066JCc4mJU9_1523525948.jpg',1,1,1523525948,NULL),(604,481,2,'Background-15.jpg','LMgxkUTmK5vQAcoLAT1Ika4WCKbxHEmos3AUuufjIE5SAwk6mmQe6er69gHKELBp_1523525950.jpg',1,1,1523525950,NULL),(605,482,2,'Background-16.jpg','EIfVbB3AkedMkPaYv1pSzZa-CCCsxsLL-BAYqXfuvBxNwbjSu3pZdRxkMa6S9oFW_1523525953.jpg',1,1,1523525953,NULL),(606,483,2,'Background-17.jpg','-HOEqfy1-ItqxTW3mw_QvZG2ncOLt1D9_XnNvpyy--l6y7yTIRNAI7-uw60TW6sk_1523525955.jpg',1,1,1523525955,NULL),(607,484,2,'Background-18.jpg','jJqlVYMml53sFVhBba8xHwWCCk6PF4E7WXAWISrF1NZFT1zdXnzE9385O46Qk0Bj_1523525963.jpg',1,1,1523525963,NULL),(608,485,2,'Background-19.jpg','LEumq6TWCtur5QcZf8N4O7Q3TFD1d3AWPhQPe42ukbUFgW_5AlYD1kgWt3SwjSTA_1523525966.jpg',1,1,1523525966,NULL),(609,486,2,'Background-20.jpg','sJhE5GbfNHaIVbB5cnUBkcEpScNr4CfoLK6ddEXZU7vHogajq3OxUOvhEds_pyci_1523525969.jpg',1,1,1523525969,NULL),(610,487,2,'Background-21.jpg','Dl5QlyuPsW7dRCou7_Q742qnuNIPIJ54Tpv9-ZQBLX7jXafQKX1Ir8xTJhYAup2-_1523525972.jpg',1,1,1523525972,NULL),(611,488,2,'Background-22.jpg','ReNzjz2LUyqZs5GHZzVbO_wyUM6KHrqdt7KTDmGsuHez2NPT7k91NDLw-_nrLMuS_1523525974.jpg',1,1,1523525974,NULL),(612,489,2,'Background-23.jpg','Tm_-mjKuk-UGGPhVrNZxfJLCBVVttEPukLl00EHUv-7myJJWaVjuXHUM6JkS0UMh_1523525977.jpg',1,1,1523525977,NULL),(613,490,2,'Background-25.jpg','mcfgpRUhrN5COSWPDRoX8u22KTaS_vu51BB7RHLOFlECDWeHkvJsBwpHr9g-DBGe_1523525981.jpg',1,1,1523525981,NULL),(614,491,2,'Background-26.jpg','JmQyzt8qZWD_eCC3vxwoax5rQt8ZU1Dvzjpy0GuZAVoFdWqbM5yji7uo7NPt-mib_1523525984.jpg',1,1,1523525984,NULL),(615,492,2,'Background-27.jpg','KG-70WF-0vxvGGwdW7Rc0eQVB6hb7JxYHNlbGkMRL5EWeuVn_d9a9bRZJhj9WbZZ_1523525988.jpg',1,1,1523525988,NULL),(616,493,2,'Background-28.jpg','1YXBj8Zg90sPtL3V6Q9OOT-UPjCYYPYi6uyN_j-eiUQB-m6yRvS9FcPkwsfTS7HM_1523526017.jpg',1,1,1523526017,NULL),(617,494,2,'Background-30.jpg','ea7UZ4k7Dn2SYYs1xY511MnTIVCJZefzja6prDTTm0LXuMyTd4wOKJENwVSEDQLH_1523526019.jpg',1,1,1523526019,NULL),(618,495,2,'Background-31.jpg','UtvVkIsfTTBdcpZsKNRCe-dBwew_EhIEGzt2O6Pylo9-fS7q9RsgTvaQgkw2-UDH_1523526023.jpg',1,1,1523526023,NULL),(619,496,2,'Background-34.jpg','acY2iiRuyLVVdVlzFjZXIuT212BwhmnH4ZAwRFOOFhzftVRK3D7BHNh2bJvbSA4B_1523526027.jpg',1,1,1523526027,NULL),(620,497,2,'Background-38.jpg','FA212cDUQhaNPusGifq-3G1cZv8iIbvlJ66-3cTfBCGJxmlKrPa9qY3c3Z92iOq1_1523526029.jpg',1,1,1523526029,NULL),(621,498,2,'Background-42.jpg','_JnJcjrHRUuKaKQ_w45RNo3XWEj6DkHnvVMM7rLFwONnMy8E4MO0P48sZtlx7OhZ_1523526033.jpg',1,1,1523526033,NULL),(622,499,2,'Background-44.jpg','vxwzbvMt8dZwHEpfn_Lr8wT4ui2gQwB5if3BBLumK67CyRSIScahpxR5DfRPssvR_1523526035.jpg',1,1,1523526035,NULL),(623,500,2,'Background-54.jpg','bbwKmRZxATYVHAJSEe_Zpnsc_tCNlh30aSrnka5yMVSwHOimkAQoRCT2oBfMcFe-_1523526038.jpg',1,1,1523526038,NULL),(624,501,2,'Background-55.jpg','dwWOKHY7jaZuZk4pzMiAUwPATViVF4wjc0XIjoZnArEHEMkyrW4HyqspC5Lm0PRh_1523526040.jpg',1,1,1523526040,NULL),(625,502,2,'Background-57.jpg','bWqaCfUo3dU_6XbGtXFESSemOjZ9Nt4ksS3edz6VV6xfQMeeCI-q4Mp4E_p9MVTB_1523526045.jpg',1,1,1523526045,NULL),(626,503,2,'Background-59.jpg','M-A7AYh2DAJpweVpZ9muF_sRc4pqigReimpX-CTin1O0rI7M9-nHe26islMY00KM_1523526047.jpg',1,1,1523526047,NULL),(627,504,2,'Background-60.jpg','4V9wffP7bDUR0xYohSli_hxHY1jQYDkC9eYYhQUGgvVjdMtLRg8SXM0LRtCmJFMU_1523526052.jpg',1,1,1523526052,NULL),(628,505,2,'Background-65.jpg','NGDLIkveiWrbbp6abUofTzQJYm5lUJcUC8dVV5IE9q-cK8VMdLqxZwZfmHMpw4Eh_1523526055.jpg',1,1,1523526055,NULL),(629,506,2,'Background-66.jpg','jzNa4I8CTlLdJ3YC6imIQS28yQdy3wNx-UCLZJ4gz0iSxBON2CPdvgxp3dIL5h0T_1523526058.jpg',1,1,1523526058,NULL),(630,507,2,'Background-68.jpg','ci9Vd9qQD1qK9TG_AZwPSgkSPBajpBk3PEACur3bin0e5HP0d_-8BZXvKu2QmJRG_1523526061.jpg',1,1,1523526061,NULL),(631,508,2,'Background-70.jpg','eOvh3_p1RxJdB4DyCjBqYev45vAQYyK93p-F9S5boqcpYDl2Z2TkUQ055Tsk_JhW_1523526064.jpg',1,1,1523526064,NULL),(632,509,2,'Background-71.jpg','Zzv4Qcxgdb8s473gJd7B-ArYTfHuNcg-gX32Z7SX7y8QwL1zY8NducFAWpKtU5-O_1523526066.jpg',1,1,1523526066,NULL),(633,510,2,'Background-72.jpg','GaQVhzdBN2vFxC1_ykj1XkSVXzQwc-jJdbqWKBiNzY1dCv6gUXmBT4VXrzGXGnac_1523526069.jpg',1,1,1523526069,NULL),(634,511,2,'Background-73.jpg','Bo08b5LGgmlyZBLgs72qdGWLnSZUhawVD_JUeINyAoPRLuU0w5fGEbBrzA9nsYj8_1523526072.jpg',1,1,1523526072,NULL),(635,512,2,'Background-81.jpg','jxap1yeHAcrZ_McKwthvommQ-F5BdcnPHDI6ITH0UqM3fRkd7Z0PJzxl8ERZErSj_1523526074.jpg',1,1,1523526074,NULL),(636,513,2,'Background-89.jpg','bhumJcr_UjAQecH2a2YdopWiKOnN-kG1JXqDrB8vFzZEX9QGg7V5iUF07nHWnr9k_1523526076.jpg',1,1,1523526076,NULL),(637,514,2,'Background-93.jpg','SzQ8UQm0Z_l3r1gQzTt_EVTwpq88KOHPpJ5L4xglEfw9YacgyQhiscI99ZFbcVxj_1523526079.jpg',1,1,1523526079,NULL),(638,515,2,'Background-94.jpg','wrDZWi4QKMvMOl0OUT65U-RaEQ4H1KWqhsPnFKW-N8OI1si855n87j8xGQZktzUI_1523526081.jpg',1,1,1523526081,NULL),(639,516,2,'Background-100.jpg','wDsFfGitHJ6C_dgAnSXfIoH551ZcdWlFfL7VscwGZMxH1Edz7HYvG7AvkEQAIyIv_1523526084.jpg',1,1,1523526084,NULL),(640,517,2,'Background-107.jpg','M3URjmKBLneuRUapmrJOp5VSn0kICh8JpDLxJ663u8WV75QHJJhLXkWboEhr9OZ4_1523526086.jpg',1,1,1523526086,NULL),(641,518,2,'Background-111.jpg','ZMJeRf9u6vvGPSv7KhDx0ZKAK8idO4RQtPlcfJkQ_g-0MAuSjr79hjIyzpD9jLYb_1523526089.jpg',1,1,1523526089,NULL),(642,519,2,'Background-112.jpg','OpcvG2xdHLMGqyIzBaGb7T3HSDOT2-nrj5A98PyWLxn_I-u1FQR1TcE1RpsBtzgR_1523526100.jpg',1,1,1523526100,NULL),(643,520,2,'Background-123.jpg','zzdJSLdo44VeYNT-4mfC0RQkhGT1n84TDRwkFWIROYs3tAvsfjoe2XFY3Elp2I5t_1523526104.jpg',1,1,1523526104,NULL),(644,521,2,'Background-127.jpg','Xp9Mt1JbFAIUxuOhV2f9rRKUV8ny4NPxKrypKVpnzfI4WORvoK-M9IHUTVFsQX5s_1523526107.jpg',1,1,1523526107,NULL),(645,522,2,'Background-128.jpg','nBxRqyuOB9ve7H8EWtWlHI6GvKngm2T87_dscEiSCqqB0Qi1osMofThMb5pQwj_W_1523526109.jpg',1,1,1523526109,NULL),(646,523,2,'Background-129.jpg','VPHL5Qy--sefOT72uO8idQl8IyB58QRhtaIyssJCKX5SELLWQVu8Wi8Ei16RSl40_1523526111.jpg',1,1,1523526111,NULL),(647,524,2,'Background-130.jpg','_F6H2tItQ38KP_qDMDGgjXkafZVDa3KCVkPAloDjK1rDHi-WwA7-SwJJuLjhc3_q_1523526114.jpg',1,1,1523526114,NULL),(648,525,2,'Background-131.jpg','x4avNXkFRLo2HnNQyAiXTceFgTSYme3tJJi4PDfl6q0B275DAx7keQyblnsOas4f_1523526116.jpg',1,1,1523526116,NULL),(649,526,2,'Background-132.jpg','quQr0lHaLr6kNiB-ignfrjuvpnN2xeOsmiFnw_fF7TZWohGTvDbOqNyMywWeMUL0_1523526119.jpg',1,1,1523526119,NULL),(650,527,2,'Background-133.jpg','6wtbo_EvqZaONYCT2e9Qh64i8adVwZhPvgPAghGzVhSwIxiAwU799sAdJxOE7cT9_1523526123.jpg',1,1,1523526123,NULL),(651,528,2,'Background-134.jpg','CCyIsaL9MslRpNFUnVWngEOYlsD9ejzG12xhREDqN-MY0gQFtThBUGzX40Jox5YC_1523526125.jpg',1,1,1523526125,NULL),(652,529,2,'Background-135.jpg','RbCiIwVck-MXvxGEFrGaSQ5bTbcvUFRQjid8U_r9tHx9yI74CJCBaChbLQ8-rGDB_1523526127.jpg',1,1,1523526127,NULL),(653,530,2,'Background-136.jpg','PM_LH1JDMkJn6LDLrsIT_xlHV_Xt-Ay1MRJoruzeAWEfMUMKxu48xevAGWMJNDkJ_1523526130.jpg',1,1,1523526130,NULL),(654,531,2,'Background-137.jpg','bXcbxmhG1X39e-7qwo0cuqzgbddtT4JpYTxjxWooujPAdIVs6rIxh_RlQAv-zfl6_1523526132.jpg',1,1,1523526132,NULL),(655,532,2,'Background-138.jpg','FJuwkNUNXbep2uTekGx3m1M_wzfR5p3_hODhf5OoFbmFFFpHOOq6IfZCE-Z5lwlI_1523526135.jpg',1,1,1523526135,NULL),(656,533,2,'Background-139.jpg','KPdO_PyHVFWe2FZLJE7jymj5rbTA-1ZVYW4b6pZuRnvFMsReB2Ka2vlcn6K_fgs8_1523526137.jpg',1,1,1523526137,NULL),(657,8,8,'Birthday-party-funny-invitation-card-33a.jpg','HNb32Ae2cMDIvS6gIUQe2hqbMoDDnxuQRpyanzAbTQRVPUlxczIDDkBCtx6oXxkp_1523615440.jpg',0,1,1523615440,1523615970),(661,7,8,'103.jpg','BUHfrQO2_WFWRWQ5Mryx72N2b0my5WN7nFRHlRZmjb8IOUg-qHnN-mzE4I-DrTnc_1523786950.jpg',0,1,1523786950,1523786966),(662,7,8,'Desert_1.jpg','qERmzp20Gruzd3IbsDjrYP34WeoWMhSqtjmXJuvsd0eF8fGMmgsalPYOrwS6vO0t_1523786950.jpg',100,1,1523786950,NULL),(663,7,8,'102.jpg','vUTKiAS9q7gWHdpZyaYW0VeQP82qxY55h6l_y56LaaspJW6wQdjb8e6J1w6Or0sP_1523786950.jpg',100,1,1523786950,NULL),(664,7,8,'1.png','MdYxsLNZR_Tbb_sMuFi0Be9XWSbix1m5BlYdPmM-2MId4cGVFsZYfUr3cH_J0USn_1523786950.png',100,1,1523786950,NULL),(665,7,8,'4.png','BNRk2mg7thxipBhgKIQgocAsWcIi4m0be78TC4qkljMR3n48flrvFJyhK0OUrTp3_1523786950.png',100,1,1523786950,NULL),(666,7,8,'1968081.jpg','-i_am6riW-zDbIP_530SybLQ2KRJPKTChjcagy07rEsQqsXxeQAwNyTmXiiraYCU_1523786950.jpg',100,1,1523786950,NULL),(667,2,8,'100.jpg','dhpx6kGvLaqNe9BhdP4_j-_7KaNwJUk-jC0hwdlSVxdI6Xhy5XGY2lyEpkw7sJpR_1523834291.jpg',1,1,1523834291,NULL),(668,2,8,'101.jpg','xO3CQoYfn8Edb9Az8RglYv6z2YsjFwUckwnXuAbN1QclXX5mzBsOyzXTJmqdB4oK_1523834291.jpg',1,1,1523834291,NULL),(669,2,8,'102.jpg','KzXaSL8LRDfVvLFYCsDupgomX97EflLIR8FXAIbJIwL1eHuJ1CG3n1A8WqkffRc2_1523834291.jpg',1,1,1523834291,NULL),(670,2,8,'103.jpg','ohifTK-B0HlQ5LFM9-ptCEC4dU-JYBs7WZY24KNgdRTkGTYTKM-tGWx7RTK-oMgg_1523834291.jpg',1,1,1523834291,NULL),(671,2,8,'104.jpg','Obs807EIhjUyo8q9ufZej7c_Hd8CeTly_1vDOcxetRWkbFVzfNYVJUXe5NIyyWgQ_1523834291.jpg',1,1,1523834291,NULL),(672,2,8,'105.jpg','ipONYyXaHGMfRgay9aDtdv2ludFB2xaGujBLptjYvzbN25t5Ntci-7P6u6lBQnne_1523834291.jpg',1,1,1523834291,NULL),(674,2,8,'Hydrangeas.jpg','P0tV7lVZaPaVNeXreeP35jLVV1xrfuZwlNk0OOkSv8sueKVJO2-FkR5Cb-t2RS5B_1523834291.jpg',1,1,1523834291,NULL),(675,2,8,'Jellyfish.jpg','yQEr4NIRNpmHu_gMR98bb90FZL9oL2Ijnxxl1-kLrLPJtZ2r9VkHPFsgarlAcfDA_1523834291.jpg',1,1,1523834291,NULL),(676,2,8,'Koala.jpg','wlEUElaVNnXlTfzxnvRmbV7_yePW8f3cawTKDZTrwKP35kSJIzZ00SKVGgEzJg_q_1523834291.jpg',1,1,1523834291,NULL),(680,2,10,'zz2.mp4.mp4','p8IEwEAqvYsPQO6_LYTZtCtBnsSuXSk1Y_oIgThb4tjGqeRY50hX8w433OriLepL_1523834291.mp4',1,6,1523834291,NULL),(682,8,8,'Birthday-party-funny-invitation-card-33a.jpg','xhNRvPuoedRK_IX5EnThQPYdqUnTYMRg7M19NP_9SfkU_vcLnlr_wJcll6X6Rpdp_1523871247.jpg',1,1,1523871247,NULL),(685,8,8,'Birthday-party-funny-invitation-card-33b.jpg','mwXuPgfUYCAeJWVF8JXHfwEmrjlVFLpedB3mZ4xyxQVqtow4cBR0s7zpDIGX7wqK_1523876606.jpg',1,1,1523876606,NULL),(686,9,8,'A5-invitation-card-53a.png','8oneFFgozCfgRTAzoWUK49DEtv7_K6Hk8EFzbWLiS8TN3kMvisnqcGcrBJP_kKoC_1523956649.png',0,1,1523956649,1524428823),(689,10,8,'A 5 nemo birthday invitation.jpg','mceY3pegZEC3exyu77zaZZTh2VD3_c7QjuQryhQNDBVqXcc5cX2aSgKZ71HNxG3N_1524037547.jpg',1,1,1524037547,NULL),(691,538,2,'A5-invitation-card-53.png','bYXvmS6VkTiOtCc8oChrYi4ZNmsM6985sFrN04KshsKzEvH0F5iRz-0kRpVrL4YQ_1524042789.png',1,1,1524042789,NULL),(692,11,3,'101.jpg','wiTZtdWV0GOjytEKSXc0huOAdcGu4wDdAjc-MbRMs7TWII1-92PswGJK9DENjWMC_1524080727.jpg',1,1,1524080727,NULL),(693,1,11,'Envelope-73a.png','mfxPlwaBfeiWouyAUjVHzoDYKfXfd__bcZvXA8ZfC9KeX4eB4VPb_OQN2ViulJ_l_1524081852.png',1,1,1524081852,NULL),(694,2,11,'Envelope-73b.png','T6xq8CWK3uhFzE7o5uBBKjgqBW0UxmE-dSsMaykvrXvKT5rq-2tE4Rx4QvkRGHLX_1524081852.png',1,1,1524081852,NULL),(696,540,2,'A5-invitation-card-53.png','_BmxSLm_f6GMAGwXUmQ0k-6x3ekCZrezi_oV7AvqP7HcLCWu9jwsA42aAB9jlb54_1524136783.png',1,1,1524136783,NULL),(698,541,2,'A5-invitation-card-53.png','J8ptm59QYYIMzD6agBo92QbljwHmb8lUG7fqhkKce5vH1UQzWKKUlLmSxu8ohYJ9_1524572122.png',1,1,1524572122,NULL),(699,542,2,'A5-invitation-card-53.png','Nu12ScgNMdUHe8T-1Z3K7MgUH_BO2ZDkp6JcpoGIX0wziYNStmbqc_5H6XaFn3LZ_1525106677.png',1,1,1525106677,NULL),(700,11,8,'A5-invitation-card-53a.png','ZBjcWqloIbB1zwiHLWACYLICTkpnc17fB-yVv0Tca0vusnnK6RFvXC5EeH1DGRWA_1525282438.png',1,1,1525282438,NULL),(701,543,2,'A5-invitation-card-53.png','4q8us9IexNJHRKUgAh3tfE9PRNp3oDl7Af5NJuz8SUCNzrDKr7CkyOzpG3A62rwz_1525282452.png',1,1,1525282452,NULL),(702,12,8,'4.jpg','Hb6GEDD05WLCy1Yww_6avRrOHAdOnrvLMtLSEdKv7cct6xbN-qfwo14CP1NVravy_1525284938.jpg',1,1,1525284938,NULL),(703,12,8,'4.png','1MUUizxcX_MyqrEkPeC2WAq2kPtvHCwl2Sjrh6YqDePCe9nNaEZIebPosZARJsjV_1525284938.png',1,1,1525284938,NULL),(704,544,2,'22.png','SekzLz_X6PoOtSQ027UBYQFl768axPFqHnTqweXLhUSw-BLFkuRvo_OKSQY_jc8u_1525285145.png',1,1,1525285145,NULL),(705,13,3,'Koala.jpg','MizSQ_7dNn1vzy881extSD2JtsCxae9KuaJI0OzsvbdMTVVIEw-bSli0hKwm17n9_1525285537.jpg',1,1,1525285537,NULL),(706,545,2,'envelope-01m.png','envelope-01m.png',1,1,NULL,NULL),(707,546,2,'envelope-10m.png','envelope-10m.png',1,1,NULL,NULL),(708,547,2,'envelope-11m.png','envelope-11m.png',1,1,NULL,NULL),(709,548,2,'envelope-12m.png','envelope-12m.png',1,1,NULL,NULL),(710,549,2,'envelope-13m.png','envelope-13m.png',1,1,NULL,NULL),(711,550,2,'envelope-14m.png','envelope-14m.png',1,1,NULL,NULL),(712,551,2,'envelope-15m.png','envelope-15m.png',1,1,NULL,NULL),(713,552,2,'envelope-16m.png','envelope-16m.png',1,1,NULL,NULL),(714,553,2,'envelope-17m.png','envelope-17m.png',1,1,NULL,NULL),(715,554,2,'envelope-18m.png','envelope-18m.png',1,1,NULL,NULL),(716,555,2,'envelope-19m.png','envelope-19m.png',1,1,NULL,NULL),(717,556,2,'envelope-1m.png','envelope-1m.png',1,1,NULL,NULL),(718,557,2,'envelope-20m.png','envelope-20m.png',1,1,NULL,NULL),(719,558,2,'envelope-21nym.png','envelope-21nym.png',1,1,NULL,NULL),(720,559,2,'envelope-22m.png','envelope-22m.png',1,1,NULL,NULL),(721,560,2,'envelope-23m.png','envelope-23m.png',1,1,NULL,NULL),(722,561,2,'envelope-24m.png','envelope-24m.png',1,1,NULL,NULL),(723,562,2,'envelope-25m.png','envelope-25m.png',1,1,NULL,NULL),(724,563,2,'envelope-26m.png','envelope-26m.png',1,1,NULL,NULL),(725,564,2,'envelope-27m.png','envelope-27m.png',1,1,NULL,NULL),(726,565,2,'envelope-28m.png','envelope-28m.png',1,1,NULL,NULL),(727,566,2,'envelope-29m.png','envelope-29m.png',1,1,NULL,NULL),(728,567,2,'envelope-2m.png','envelope-2m.png',1,1,NULL,NULL),(729,568,2,'envelope-30m.png','envelope-30m.png',1,1,NULL,NULL),(730,569,2,'envelope-31m.png','envelope-31m.png',1,1,NULL,NULL),(731,570,2,'envelope-32m.png','envelope-32m.png',1,1,NULL,NULL),(732,571,2,'envelope-33m.png','envelope-33m.png',1,1,NULL,NULL),(733,572,2,'envelope-34m.png','envelope-34m.png',1,1,NULL,NULL),(734,573,2,'envelope-35m.png','envelope-35m.png',1,1,NULL,NULL),(735,574,2,'envelope-36m.png','envelope-36m.png',1,1,NULL,NULL),(736,575,2,'envelope-37m.png','envelope-37m.png',1,1,NULL,NULL),(737,576,2,'envelope-38m.png','envelope-38m.png',1,1,NULL,NULL),(738,577,2,'envelope-39m.png','envelope-39m.png',1,1,NULL,NULL),(739,578,2,'envelope-3m.png','envelope-3m.png',1,1,NULL,NULL),(740,579,2,'envelope-40m.png','envelope-40m.png',1,1,NULL,NULL),(741,580,2,'envelope-41m.png','envelope-41m.png',1,1,NULL,NULL),(742,581,2,'envelope-42m.png','envelope-42m.png',1,1,NULL,NULL),(743,582,2,'envelope-43m.png','envelope-43m.png',1,1,NULL,NULL),(744,583,2,'envelope-44m.png','envelope-44m.png',1,1,NULL,NULL),(745,584,2,'envelope-45m.png','envelope-45m.png',1,1,NULL,NULL),(746,585,2,'envelope-46m.png','envelope-46m.png',1,1,NULL,NULL),(747,586,2,'envelope-47m.png','envelope-47m.png',1,1,NULL,NULL),(748,587,2,'envelope-48m.png','envelope-48m.png',1,1,NULL,NULL),(749,588,2,'envelope-49m.png','envelope-49m.png',1,1,NULL,NULL),(750,589,2,'envelope-4m.png','envelope-4m.png',1,1,NULL,NULL),(751,590,2,'envelope-50m.png','envelope-50m.png',1,1,NULL,NULL),(752,591,2,'envelope-51m.png','envelope-51m.png',1,1,NULL,NULL),(753,592,2,'envelope-52m.png','envelope-52m.png',1,1,NULL,NULL),(754,593,2,'envelope-53m.png','envelope-53m.png',1,1,NULL,NULL),(755,594,2,'envelope-54m.png','envelope-54m.png',1,1,NULL,NULL),(756,595,2,'envelope-55m.png','envelope-55m.png',1,1,NULL,NULL),(757,596,2,'envelope-56m.png','envelope-56m.png',1,1,NULL,NULL),(758,597,2,'envelope-57m.png','envelope-57m.png',1,1,NULL,NULL),(759,598,2,'envelope-58m.png','envelope-58m.png',1,1,NULL,NULL),(760,599,2,'envelope-59m.png','envelope-59m.png',1,1,NULL,NULL),(761,600,2,'envelope-5m.png','envelope-5m.png',1,1,NULL,NULL),(762,601,2,'envelope-60m.png','envelope-60m.png',1,1,NULL,NULL),(763,602,2,'envelope-61m.png','envelope-61m.png',1,1,NULL,NULL),(764,603,2,'envelope-62m.png','envelope-62m.png',1,1,NULL,NULL),(765,604,2,'envelope-63m.png','envelope-63m.png',1,1,NULL,NULL),(766,605,2,'envelope-64m.png','envelope-64m.png',1,1,NULL,NULL),(767,606,2,'envelope-65m.png','envelope-65m.png',1,1,NULL,NULL),(768,607,2,'envelope-66m.png','envelope-66m.png',1,1,NULL,NULL),(769,608,2,'envelope-67m.png','envelope-67m.png',1,1,NULL,NULL),(770,609,2,'envelope-68m.png','envelope-68m.png',1,1,NULL,NULL),(771,610,2,'envelope-69m.png','envelope-69m.png',1,1,NULL,NULL),(772,611,2,'envelope-6m.png','envelope-6m.png',1,1,NULL,NULL),(773,612,2,'envelope-70m.png','envelope-70m.png',1,1,NULL,NULL),(774,613,2,'envelope-71m.png','envelope-71m.png',1,1,NULL,NULL),(775,614,2,'envelope-72m.png','envelope-72m.png',1,1,NULL,NULL),(776,615,2,'envelope-73m.png','envelope-73m.png',1,1,NULL,NULL),(777,616,2,'envelope-74m.png','envelope-74m.png',1,1,NULL,NULL),(778,617,2,'envelope-75m.png','envelope-75m.png',1,1,NULL,NULL),(779,618,2,'envelope-7m.png','envelope-7m.png',1,1,NULL,NULL),(780,619,2,'envelope-8m.png','envelope-8m.png',1,1,NULL,NULL),(781,620,2,'envelope-9m.png','envelope-9m.png',1,1,NULL,NULL),(782,1,11,'envelope-01a.png','envelope-01a.png',1,1,NULL,NULL),(783,2,11,'envelope-10a.png','envelope-10a.png',1,1,NULL,NULL),(784,3,11,'envelope-11a.png','envelope-11a.png',1,1,NULL,NULL),(785,4,11,'envelope-12a.png','envelope-12a.png',1,1,NULL,NULL),(786,5,11,'envelope-13a.png','envelope-13a.png',1,1,NULL,NULL),(787,6,11,'envelope-14a.png','envelope-14a.png',1,1,NULL,NULL),(788,7,11,'envelope-15a.png','envelope-15a.png',1,1,NULL,NULL),(789,8,11,'envelope-16a.png','envelope-16a.png',1,1,NULL,NULL),(790,9,11,'envelope-17a.png','envelope-17a.png',1,1,NULL,NULL),(791,10,11,'envelope-18a.png','envelope-18a.png',1,1,NULL,NULL),(792,11,11,'envelope-19a.png','envelope-19a.png',1,1,NULL,NULL),(793,12,11,'envelope-1a.png','envelope-1a.png',1,1,NULL,NULL),(794,13,11,'envelope-20a.png','envelope-20a.png',1,1,NULL,NULL),(795,14,11,'envelope-21ny-a.png','envelope-21ny-a.png',1,1,NULL,NULL),(796,15,11,'envelope-22a.png','envelope-22a.png',1,1,NULL,NULL),(797,16,11,'envelope-23a.png','envelope-23a.png',1,1,NULL,NULL),(798,17,11,'envelope-24a.png','envelope-24a.png',1,1,NULL,NULL),(799,18,11,'envelope-25a.png','envelope-25a.png',1,1,NULL,NULL),(800,19,11,'envelope-26a.png','envelope-26a.png',1,1,NULL,NULL),(801,20,11,'envelope-27a.png','envelope-27a.png',1,1,NULL,NULL),(802,21,11,'envelope-28a.png','envelope-28a.png',1,1,NULL,NULL),(803,22,11,'envelope-29a.png','envelope-29a.png',1,1,NULL,NULL),(804,23,11,'envelope-2-a.png','envelope-2-a.png',1,1,NULL,NULL),(805,24,11,'envelope-30a.png','envelope-30a.png',1,1,NULL,NULL),(806,25,11,'envelope-31a.png','envelope-31a.png',1,1,NULL,NULL),(807,26,11,'envelope-32a.png','envelope-32a.png',1,1,NULL,NULL),(808,27,11,'envelope-33a.png','envelope-33a.png',1,1,NULL,NULL),(809,28,11,'envelope-34a.png','envelope-34a.png',1,1,NULL,NULL),(810,29,11,'envelope-35a.png','envelope-35a.png',1,1,NULL,NULL),(811,30,11,'envelope-36a.png','envelope-36a.png',1,1,NULL,NULL),(812,31,11,'envelope-37a.png','envelope-37a.png',1,1,NULL,NULL),(813,32,11,'envelope-38a.png','envelope-38a.png',1,1,NULL,NULL),(814,33,11,'envelope-39a.png','envelope-39a.png',1,1,NULL,NULL),(815,34,11,'envelope-3-a.png','envelope-3-a.png',1,1,NULL,NULL),(816,35,11,'envelope-40a.png','envelope-40a.png',1,1,NULL,NULL),(817,36,11,'envelope-41a.png','envelope-41a.png',1,1,NULL,NULL),(818,37,11,'envelope-42a.png','envelope-42a.png',1,1,NULL,NULL),(819,38,11,'envelope-43a.png','envelope-43a.png',1,1,NULL,NULL),(820,39,11,'envelope-44a.png','envelope-44a.png',1,1,NULL,NULL),(821,40,11,'envelope-45a.png','envelope-45a.png',1,1,NULL,NULL),(822,41,11,'envelope-46a.png','envelope-46a.png',1,1,NULL,NULL),(823,42,11,'envelope-47a.png','envelope-47a.png',1,1,NULL,NULL),(824,43,11,'envelope-48a.png','envelope-48a.png',1,1,NULL,NULL),(825,44,11,'envelope-49a.png','envelope-49a.png',1,1,NULL,NULL),(826,45,11,'envelope-4a.png','envelope-4a.png',1,1,NULL,NULL),(827,46,11,'envelope-50a.png','envelope-50a.png',1,1,NULL,NULL),(828,47,11,'envelope-51a.png','envelope-51a.png',1,1,NULL,NULL),(829,48,11,'envelope-52a.png','envelope-52a.png',1,1,NULL,NULL),(830,49,11,'envelope-53a.png','envelope-53a.png',1,1,NULL,NULL),(831,50,11,'envelope-54a.png','envelope-54a.png',1,1,NULL,NULL),(832,51,11,'envelope-55a.png','envelope-55a.png',1,1,NULL,NULL),(833,52,11,'envelope-56a.png','envelope-56a.png',1,1,NULL,NULL),(834,53,11,'envelope-57a.png','envelope-57a.png',1,1,NULL,NULL),(835,54,11,'envelope-58a.png','envelope-58a.png',1,1,NULL,NULL),(836,55,11,'envelope-59a.png','envelope-59a.png',1,1,NULL,NULL),(837,56,11,'envelope-5a.png','envelope-5a.png',1,1,NULL,NULL),(838,57,11,'envelope-60a.png','envelope-60a.png',1,1,NULL,NULL),(839,58,11,'envelope-61a.png','envelope-61a.png',1,1,NULL,NULL),(840,59,11,'envelope-62a.png','envelope-62a.png',1,1,NULL,NULL),(841,60,11,'envelope-63a.png','envelope-63a.png',1,1,NULL,NULL),(842,61,11,'envelope-64a.png','envelope-64a.png',1,1,NULL,NULL),(843,62,11,'envelope-65a.png','envelope-65a.png',1,1,NULL,NULL),(844,63,11,'envelope-66a.png','envelope-66a.png',1,1,NULL,NULL),(845,64,11,'envelope-67a.png','envelope-67a.png',1,1,NULL,NULL),(846,65,11,'envelope-68a.png','envelope-68a.png',1,1,NULL,NULL),(847,66,11,'envelope-69a.png','envelope-69a.png',1,1,NULL,NULL),(848,67,11,'envelope-6a.png','envelope-6a.png',1,1,NULL,NULL),(849,68,11,'envelope-70a.png','envelope-70a.png',1,1,NULL,NULL),(850,69,11,'envelope-71a.png','envelope-71a.png',1,1,NULL,NULL),(851,70,11,'envelope-72a.png','envelope-72a.png',1,1,NULL,NULL),(852,71,11,'envelope-73a.png','envelope-73a.png',1,1,NULL,NULL),(853,72,11,'envelope-74a.png','envelope-74a.png',1,1,NULL,NULL),(854,73,11,'envelope-75a.png','envelope-75a.png',1,1,NULL,NULL),(855,74,11,'envelope-7a.png','envelope-7a.png',1,1,NULL,NULL),(856,75,11,'envelope-8a.png','envelope-8a.png',1,1,NULL,NULL),(857,76,11,'envelope-9a.png','envelope-9a.png',1,1,NULL,NULL),(858,77,11,'envelope-01b.png','envelope-01b.png',1,1,NULL,NULL),(859,78,11,'envelope-10b.png','envelope-10b.png',1,1,NULL,NULL),(860,79,11,'envelope-11b.png','envelope-11b.png',1,1,NULL,NULL),(861,80,11,'envelope-12b.png','envelope-12b.png',1,1,NULL,NULL),(862,81,11,'envelope-13b.png','envelope-13b.png',1,1,NULL,NULL),(863,82,11,'envelope-14b.png','envelope-14b.png',1,1,NULL,NULL),(864,83,11,'envelope-15b.png','envelope-15b.png',1,1,NULL,NULL),(865,84,11,'envelope-16b.png','envelope-16b.png',1,1,NULL,NULL),(866,85,11,'envelope-17b.png','envelope-17b.png',1,1,NULL,NULL),(867,86,11,'envelope-18b.png','envelope-18b.png',1,1,NULL,NULL),(868,87,11,'envelope-19b.png','envelope-19b.png',1,1,NULL,NULL),(869,88,11,'envelope-1b.png','envelope-1b.png',1,1,NULL,NULL),(870,89,11,'envelope-20b.png','envelope-20b.png',1,1,NULL,NULL),(871,90,11,'envelope-21ny-b.png','envelope-21ny-b.png',1,1,NULL,NULL),(872,91,11,'envelope-22b.png','envelope-22b.png',1,1,NULL,NULL),(873,92,11,'envelope-23-b.png','envelope-23-b.png',1,1,NULL,NULL),(874,93,11,'envelope-24b.png','envelope-24b.png',1,1,NULL,NULL),(875,94,11,'envelope-25b.png','envelope-25b.png',1,1,NULL,NULL),(876,95,11,'envelope-26b.png','envelope-26b.png',1,1,NULL,NULL),(877,96,11,'envelope-27b.png','envelope-27b.png',1,1,NULL,NULL),(878,97,11,'envelope-28b.png','envelope-28b.png',1,1,NULL,NULL),(879,98,11,'envelope-29b.png','envelope-29b.png',1,1,NULL,NULL),(880,99,11,'envelope-2-b.png','envelope-2-b.png',1,1,NULL,NULL),(881,100,11,'envelope-30b.png','envelope-30b.png',1,1,NULL,NULL),(882,101,11,'envelope-31b.png','envelope-31b.png',1,1,NULL,NULL),(883,102,11,'envelope-32b.png','envelope-32b.png',1,1,NULL,NULL),(884,103,11,'envelope-33b.png','envelope-33b.png',1,1,NULL,NULL),(885,104,11,'envelope-34b.png','envelope-34b.png',1,1,NULL,NULL),(886,105,11,'envelope-35b.png','envelope-35b.png',1,1,NULL,NULL),(887,106,11,'envelope-36b.png','envelope-36b.png',1,1,NULL,NULL),(888,107,11,'envelope-37b.png','envelope-37b.png',1,1,NULL,NULL),(889,108,11,'envelope-38b.png','envelope-38b.png',1,1,NULL,NULL),(890,109,11,'envelope-39b.png','envelope-39b.png',1,1,NULL,NULL),(891,110,11,'envelope-3-b.png','envelope-3-b.png',1,1,NULL,NULL),(892,111,11,'envelope-40b.png','envelope-40b.png',1,1,NULL,NULL),(893,112,11,'envelope-41b.png','envelope-41b.png',1,1,NULL,NULL),(894,113,11,'envelope-42b.png','envelope-42b.png',1,1,NULL,NULL),(895,114,11,'envelope-43b.png','envelope-43b.png',1,1,NULL,NULL),(896,115,11,'envelope-44b.png','envelope-44b.png',1,1,NULL,NULL),(897,116,11,'envelope-45b.png','envelope-45b.png',1,1,NULL,NULL),(898,117,11,'envelope-46b.png','envelope-46b.png',1,1,NULL,NULL),(899,118,11,'envelope-47b.png','envelope-47b.png',1,1,NULL,NULL),(900,119,11,'envelope-48b.png','envelope-48b.png',1,1,NULL,NULL),(901,120,11,'envelope-49b.png','envelope-49b.png',1,1,NULL,NULL),(902,121,11,'envelope-4b.png','envelope-4b.png',1,1,NULL,NULL),(903,122,11,'envelope-50b.png','envelope-50b.png',1,1,NULL,NULL),(904,123,11,'envelope-51b.png','envelope-51b.png',1,1,NULL,NULL),(905,124,11,'envelope-52b.png','envelope-52b.png',1,1,NULL,NULL),(906,125,11,'envelope-53b.png','envelope-53b.png',1,1,NULL,NULL),(907,126,11,'envelope-54b.png','envelope-54b.png',1,1,NULL,NULL),(908,127,11,'envelope-55b.png','envelope-55b.png',1,1,NULL,NULL),(909,128,11,'envelope-56b.png','envelope-56b.png',1,1,NULL,NULL),(910,129,11,'envelope-57b.png','envelope-57b.png',1,1,NULL,NULL),(911,130,11,'envelope-58b.png','envelope-58b.png',1,1,NULL,NULL),(912,131,11,'envelope-59b.png','envelope-59b.png',1,1,NULL,NULL),(913,132,11,'envelope-5b.png','envelope-5b.png',1,1,NULL,NULL),(914,133,11,'envelope-60b.png','envelope-60b.png',1,1,NULL,NULL),(915,134,11,'envelope-61b.png','envelope-61b.png',1,1,NULL,NULL),(916,135,11,'envelope-62b.png','envelope-62b.png',1,1,NULL,NULL),(917,136,11,'envelope-63b.png','envelope-63b.png',1,1,NULL,NULL),(918,137,11,'envelope-64b.png','envelope-64b.png',1,1,NULL,NULL),(919,138,11,'envelope-65b.png','envelope-65b.png',1,1,NULL,NULL),(920,139,11,'envelope-66b.png','envelope-66b.png',1,1,NULL,NULL),(921,140,11,'envelope-67b.png','envelope-67b.png',1,1,NULL,NULL),(922,141,11,'envelope-68b.png','envelope-68b.png',1,1,NULL,NULL),(923,142,11,'envelope-69b.png','envelope-69b.png',1,1,NULL,NULL),(924,143,11,'envelope-6b.png','envelope-6b.png',1,1,NULL,NULL),(925,144,11,'envelope-70b.png','envelope-70b.png',1,1,NULL,NULL),(926,145,11,'envelope-71b.png','envelope-71b.png',1,1,NULL,NULL),(927,146,11,'envelope-72b.png','envelope-72b.png',1,1,NULL,NULL),(928,147,11,'envelope-73b.png','envelope-73b.png',1,1,NULL,NULL),(929,148,11,'envelope-74b.png','envelope-74b.png',1,1,NULL,NULL),(930,149,11,'envelope-75b.png','envelope-75b.png',1,1,NULL,NULL),(931,150,11,'envelope-7b.png','envelope-7b.png',1,1,NULL,NULL),(932,151,11,'envelope-8b.png','envelope-8b.png',1,1,NULL,NULL),(933,152,11,'envelope-9b.png','envelope-9b.png',1,1,NULL,NULL),(934,13,8,'A5 graduation classic announcing invitation card.jpg','PqZnVnFczpbmlJvLXsr50mPqQMsanJqvDL1YsXm3UjOUuDhnhG92GfWZRgJbKKFs_1525713546.jpg',1,1,1525713546,NULL),(937,14,8,'^20D4A62BF13566B8640306C3E599D470C9D23712234F933F23^pimgpsh_fullsize_distr.jpg','6CSy7u0XRnl2jnpu0mH8napXiF1CS7SwMXZGqnme6o_x099QWdaS0WOCqu3OkHby_1525715857.jpg',1,1,1525715857,NULL),(938,622,2,'_20D4A62BF13566B8640306C3E599D470C9D23712234F933F23_pimgpsh_fullsize_distr.jpg','YMd_jPejPXGIjJ6LQLkYNHTDro2uD_VBWgyV1ZEY9gnimBBltCiwpah-7VOgVFFH_1525715928.jpg',1,1,1525715928,NULL),(939,15,8,'^20D4A62BF13566B8640306C3E599D470C9D23712234F933F23^pimgpsh_fullsize_distr.jpg','KJ6W00TJjQPcGhM6RhkEiQChBIchq0nQkRiLFiHTxPbKVXLh1d72bJB1S57q6Oyt_1525716623.jpg',1,1,1525716623,NULL),(940,623,2,'DENNIS.png','KOADiQ3g1gcPCNFBNV2IjQt7RePUVAKs4MYcJeCXO6dI422KJilFaolxmyGw9Ne1_1525716845.png',1,1,1525716845,NULL),(941,624,2,'333.png','wt8Fk5_PEWaITOstGovLO5zJeJA-sR_E7h9dLR8amceh3HPG6MEIr9s_zmR1yH4G_1525716944.png',1,1,1525716944,NULL),(942,15,3,'man _6_.jpeg','XiqN-xhHCb2IOIUvpOhAVd3vkVAeM7h2aobSOhUT7OD0RID7FT_N-lMqzNwy1aao_1525717004.jpeg',1,1,1525717004,NULL),(943,16,3,'4.jpg','2rDH8-epz-Qn61olkWPFLbjcH4vG41_-fYEyS9v9FZy-_tsBhmlf4zekwu6sToNk_1525717258.jpg',1,1,1525717258,NULL),(944,16,8,'A5-garduation-party-gold-glitter-invitation-card.jpg','9PcUI_XxTSXBfaYqFuRIFcZKTGR1MSNtpiKzdAqPVRysvNf7VopYtWi4tjncf1AP_1525893031.jpg',1,1,1525893031,NULL),(946,626,2,'A5-garduation-party-gold-glitter-invitation-card-1.png','vZ1puwITwBVu4ZwgpHAIR5jlvUbnzjzo2jqBJLpjbSvh4VjvOKLhsu7SNKViOkz2_1525893141.png',1,1,1525893141,NULL),(947,627,2,'аренды жилья3.jpg','xPleN9v3UysvD4xm_8CKIqMGeiutat1GSyTXwkyD7tTxm0axA3ZinhcjZj_fPlL4_1526147042.jpg',1,1,1526147042,NULL),(948,628,2,'аренды жилья4.jpg','wS9sLz-EFFUGdMymubQg4uejQ7qh88NQ6wgRRT2TEW92N9S5fEHkKhn2o5gfTfbJ_1526147070.jpg',1,1,1526147070,NULL),(950,18,3,'!!!!!!!!!!!!!!!!!!!!!!!!!!!!!!!!!.jpg','2d4nxH0EOIIKJf-1eZ6QAl8IZzIKWZR2sic2YjgoTRJeBSFMFxD90k3d8E6FSyAb_1526150039.jpg',1,1,1526150039,NULL),(951,17,8,'Birthday-party-funny-invitation-card-33a.jpg','7bb9QwGQReyR1vbHcS3dMFCNZN_LTgpLn5z6HWC_LDgjkXukY_QIlTKSLFFRnCZT_1526150818.jpg',1,1,1526150819,NULL),(952,629,2,'Birthday-party-funny-invitation-card-33.jpg','bX_QV9qdyw16zHxDJFWOESUgeuNvvBXU6R-jNmj2ghys5wuPuCxCEZRZhlc88Y5j_1526150855.jpg',1,1,1526150855,NULL),(954,630,2,'A5-graduation-party-gold-invitation-card.png','KBM95D9X8pK_TreiDZtm9iS806etLo4W4wqAVH6YFPr4b8aTtmTIP-P3U8MnSm6J_1526724235.png',1,1,1526724235,NULL),(956,18,8,'A5-graduation-party-gold-invitation-card.png','vyRHffQVObquAOY3EtoN21pMWbNeyOGLGYZYK90kBh0ILommZsUnF44xxtDM_KzE_1526729647.png',1,1,1526729647,NULL),(957,19,3,'roberto-cavalli-zircone464s-2.jpg','HUSWS_sEzTDSS5qb7PfXJy_p_o0E13KY9nmQBtEfvqmTQJkvw445DACauaenuuhr_1526740459.jpg',1,1,1526740459,NULL),(960,632,2,'Happy-birthday-card-with-flowers.jpg','hjClKs64QSpA2fq4Ff2hbOou3_IEEqDuUeexgktOSn8nu7IUooRUI0c5Qn24Gua7_1526759565.jpg',1,1,1526759565,NULL),(961,19,8,'Happy-birthday-card-with-flowers-.jpg','eGjVXFiOa-UvS3kM7rJECYho2peeFvwcSjtXqK-rkhCDTH72CImAS01mjcwESofK_1526764092.jpg',1,1,1526764092,NULL),(962,20,8,'Simple-flowers-happy-birthday-card-.jpg','d_MGte5BtOoCtwZVrNxVaVMqg8psv88nTBAA7RFxvmErFKqkpAtX_MtzJPnTpm2z_1526829759.jpg',1,1,1526829759,NULL),(963,633,2,'Simple-flowers-happy-birthday-card.jpg','HY6f8fGjV0O4r1IgoUBOjRFizwHkHYvYKbCXor2Fo9-5SfyPrO7Zirca93e5z0rx_1526829775.jpg',1,1,1526829775,NULL),(966,19,8,'MockUp.jpg','Qvpyx_eXHP5K9LcX-8NPSGFf-mxGdMNnmqPpE0xj0Qv8mGgyYBL0jgYaGJYu7jyn_1526850834.jpg',1,1,1526850834,NULL),(967,21,8,'pre-made-scene-#5.jpg','lspH3vsf68tcDxVWe6Szu9Qhwf9XGlOTFbGcnWs2bNdnOTe_HmC-CnggGAZjBMqg_1526853356.jpg',100,1,1526853356,NULL),(968,21,8,'A5-retirement-party-invitation-card-for-her.jpg','3Aq7jYVxS5zQNhusXCfRfL6fOJEUNdl4wWYYPi3jwtqcDgliKtxlh6CS-RdJ_8op_1526853371.jpg',0,1,1526853371,1526853375),(970,635,2,'A5-retirement-party-invitation-card-for-her-.jpg','pk_8AfpGetlYfcMYll54Vwq0oV8qtID8TGg86h3WvtrqM2Rs_08s-7XMhOPohgAz_1526853512.jpg',1,1,1526853512,NULL);

/*Table structure for table `font` */

CREATE TABLE `font` (
  `id` int(11) NOT NULL AUTO_INCREMENT,
  `name` varchar(255) CHARACTER SET utf8 DEFAULT NULL,
  PRIMARY KEY (`id`)
) ENGINE=InnoDB AUTO_INCREMENT=472 DEFAULT CHARSET=latin1;

/*Data for the table `font` */

insert  into `font`(`id`,`name`) values (1,'alice-regular'),(2,'amaticsc-bold'),(3,'amaticsc-regular'),(4,'arsenal-bold'),(5,'arsenal-bolditalic'),(6,'arsenal-italic'),(7,'arsenal-regular'),(8,'badscript-regular'),(9,'caveat-bold'),(10,'caveat-regular'),(11,'comgar-bold'),(12,'comgar-bolditalic'),(13,'comgar-italic'),(14,'comgar-light'),(15,'comgar-lightitalic'),(16,'comgar-medium'),(17,'comgar-mediumitalic'),(18,'comgar-regular'),(19,'comgar-semibold'),(20,'comgar-semibolditalic'),(21,'cormorantsc-bold'),(22,'cormorantsc-light'),(23,'cormorantsc-medium'),(24,'cormorantsc-regular'),(25,'cormorantsc-semibold'),(26,'podkova-regular'),(27,'westcraftsans-stamp3'),(28,'vollkornsc-regular'),(29,'vollkornsc-bold'),(30,'vga850'),(31,'venomousshadowgrunge'),(32,'venomousshadow'),(33,'venomousregular'),(34,'venomousgrunge'),(35,'timesi'),(36,'timesbi'),(37,'timesbd'),(38,'times'),(39,'thegodfather-v2'),(40,'thankfulmodern-woodcut'),(41,'tequilasunrise-regular'),(42,'specialelite-regular'),(43,'sfdistantgalaxyalternate'),(44,'savanainlinegridgrunge'),(45,'sailors-rough'),(46,'sailors'),(47,'saddlery_fill'),(48,'saddlery'),(49,'rozhaone-regular'),(50,'royalguillocheshadow'),(51,'roska'),(52,'ropstone-free-demo'),(53,'rocksalt-regular'),(54,'ribeye-regular'),(55,'rhama'),(56,'rebornbasic-regular'),(57,'ravenshadowgrunge'),(58,'ranch-base'),(59,'ranch'),(60,'radley-regular'),(61,'radley-italic'),(62,'quattrocento-regular'),(63,'quattrocento-bold'),(64,'primitiva-regular'),(65,'prestigeelitestd-bd'),(66,'playfairdisplaysc-regular'),(67,'playfairdisplaysc-black'),(68,'pirates-regular'),(69,'oldnewspapertypes'),(70,'oh-seashells'),(71,'oh-old-anchor'),(72,'octopusinline'),(73,'octopusgrunge'),(74,'octopusbold'),(75,'nulshock-bd'),(76,'novelia'),(77,'monstera-regular'),(78,'monophone-grunge'),(79,'metrolin'),(80,'messenger_pigeons_personal_use'),(81,'lumberjack-inline-rough'),(82,'lacosteinline'),(83,'kudryashevdisplay'),(84,'jibrilregular'),(85,'jasper-daniels'),(86,'introheadruc-gbaseshade'),(87,'introheadruc-baseshade'),(88,'introheadhuc-h1base'),(89,'introheadh-lbaseshade'),(90,'introheadbuc-lbase'),(91,'introheadbuc-h2baseshade'),(92,'introheadbuc-h1base'),(93,'introheadbuc-gbaseshade'),(94,'imfepirm28p'),(95,'hemingwar'),(96,'greenlightboldinlinegrunge'),(97,'georgiab'),(98,'georgia'),(99,'garabd'),(100,'gara'),(101,'fragile-regular_0'),(102,'forum-regular'),(103,'farmhandinline-regular'),(104,'ewert-regular'),(105,'escorialef-regular'),(106,'domainedisp-regular'),(107,'dodger3cond'),(108,'demonius'),(109,'dearloystyle2-regular'),(110,'dearloy-regular'),(111,'cutivemono-regular'),(112,'cruise'),(113,'corleone'),(114,'circu3'),(115,'cinzeldecorative-regular'),(116,'cinzeldecorative-bold'),(117,'century'),(118,'centauri'),(119,'casual-regular'),(120,'castelar'),(121,'cardo-regular'),(122,'candlescript-swashes-two'),(123,'candlescript-swashes-four'),(124,'candlescript-swashes-five'),(125,'candlescript-end-six'),(126,'candlescript-end-seven'),(127,'candlescript-end-nine'),(128,'candlescript-end-five'),(129,'candlescript-end-eight'),(130,'candlescript-demo-version'),(131,'candlescript-basic-two-alt'),(132,'candlescript-basic-three'),(133,'candlescript-basic-five'),(134,'cambriab'),(135,'cambria'),(136,'c_box_0'),(137,'c_box'),(138,'butler_regular'),(139,'buffaloinline2grunge'),(140,'budmo-jiggler_0'),(141,'brixtonlt'),(142,'biker-new-rough'),(143,'biker-new-normal'),(144,'big-city-light-b'),(145,'big-city-light-a'),(146,'azalea-regular_1'),(147,'awconquerorcarved-regular'),(148,'averiaseriflibre-regular'),(149,'arnota-regular'),(150,'app850'),(151,'annabel'),(152,'agaramondpro-regular'),(153,'agaramondpro-italic'),(154,'agaramondpro-bolditalic'),(155,'agaramondpro-bold'),(156,'ademo-gray'),(157,'acaslonpro-semibold'),(158,'westcraftsans-stamp3'),(159,'villa_didot'),(160,'venomousshadowgrunge'),(161,'venomousshadow'),(162,'venomousregular'),(163,'venomousgrunge'),(164,'varsity'),(165,'thankfulmodern-woodcut'),(166,'tequilasunrise-regular'),(167,'tahomabd'),(168,'tahoma'),(169,'story-dream'),(170,'sirinstencil-regular'),(171,'shilkmenrounded-regular'),(172,'sailors-rough'),(173,'sailors'),(174,'ropstone-free-demo'),(175,'ranch-base'),(176,'ranch'),(177,'princella-sans'),(178,'pfcentura-threesingle'),(179,'pfcenturasinglecaps'),(180,'paramountsans-regular'),(181,'omisans-light'),(182,'omisans'),(183,'oilvareshadowed-regular'),(184,'oilvare-regular'),(185,'oh-seashells'),(186,'oh-old-anchor'),(187,'ohblue-waves-striped'),(188,'octopusinline'),(189,'octopusgrunge'),(190,'octopusbold'),(191,'nebula'),(192,'motlow-caps'),(193,'montserrat-regular'),(194,'montserratalternates-light'),(195,'mars'),(196,'marmelad-regular'),(197,'marlboro'),(198,'marinewhiskey'),(199,'limelight-regular'),(200,'likelysans-regular'),(201,'jerseyletters'),(202,'jasper-daniels'),(203,'introheadruc-gbaseshade'),(204,'introheadruc-baseshade'),(205,'introheadhuc-h1base'),(206,'introheadh-lbaseshade'),(207,'introheadbuc-lbase'),(208,'introheadbuc-h2baseshade'),(209,'introheadbuc-h1base'),(210,'introheadbuc-gbaseshade'),(211,'ikndo'),(212,'hemingwar'),(213,'gothicb'),(214,'gothic'),(215,'fragile-regular_0'),(216,'farmhand-regular'),(217,'farmhandinline-regular'),(218,'escorialef-regular'),(219,'devinylinline-regular'),(220,'devinylincise-regular'),(221,'devinylacier-regular'),(222,'dearloystyle2-regular'),(223,'dearloy-regular'),(224,'cutivemono-regular'),(225,'crushed-regular'),(226,'cookies-font'),(227,'colleged'),(228,'citrusgothic-regular'),(229,'citrusgothicinline-regular'),(230,'cavalcade-roughen'),(231,'cash-currency'),(232,'burford_marque_0'),(233,'burford_inline'),(234,'burford_base'),(235,'budmo-jiggler_0'),(236,'biker-new-rough'),(237,'biker-new-normal'),(238,'big-city-light-b'),(239,'big-city-light-a'),(240,'big-campus'),(241,'bicycle'),(242,'balestyasans-regular'),(243,'azureend'),(244,'azalea-regular_1'),(245,'awconquerorcarved-regular'),(246,'alphabet-stencils'),(247,'adventure'),(248,'ademo-gray'),(249,'aclonica-regular'),(250,'worthwhile'),(251,'wildcats'),(252,'wellthington'),(253,'watinypro-regular'),(254,'victoria'),(255,'ufonts-com_chateau'),(256,'tropical-nights-bold'),(257,'thesweetestthing-regular'),(258,'theangel-regular'),(259,'synthesia'),(260,'sunshine-script'),(261,'summerfestival-regular'),(262,'stillshine-script'),(263,'spotlight'),(264,'southsiderough-regular'),(265,'southsidealternates-regular'),(266,'smithenscript-regular'),(267,'smileheart'),(268,'signaritaannedemo'),(269,'shinelight_0'),(270,'shania-regular'),(271,'sexy-shout-free-font'),(272,'segoescb'),(273,'scoothlanescript-regular'),(274,'scoothlane-sans-brush-1'),(275,'saturdayscript'),(276,'saddlery_fill'),(277,'saddlery'),(278,'rustybucket-regular'),(279,'rosaline'),(280,'riversideavenue-alt'),(281,'quentin'),(282,'pristina'),(283,'princella-script-regular'),(284,'princella-bold'),(285,'prestige'),(286,'playlist-script'),(287,'playball-regular'),(288,'perfectsunset-regular'),(289,'parfumeriescriptregular'),(290,'parfumeriescriptoldstyle'),(291,'parfumeriescriptdecorative'),(292,'parfumeriescriptcurly'),(293,'paramount-regular'),(294,'northernlights-regular'),(295,'mystified'),(296,'mustica-script'),(297,'mustache-script'),(298,'mustache-rounded'),(299,'mustache-brush-script'),(300,'mozartscriptext-regular'),(301,'montage-regular'),(302,'monsieurladoulaise-regular'),(303,'misgaretha'),(304,'messenger_pigeons_personal_use'),(305,'mattheo-regular'),(306,'masterblush-regular'),(307,'master_of_break'),(308,'marsha_belle_demo_version'),(309,'marhaban-regular'),(310,'maratre'),(311,'malficentscript-regular'),(312,'magenta'),(313,'madelina-script'),(314,'lokicola'),(315,'lobster_1'),(316,'kimberly-script'),(317,'kimberlay'),(318,'khadijaspurs2-regular'),(319,'kayleight'),(320,'imfepiit28p'),(321,'hysteria-brush'),(322,'humble-script'),(323,'housemate-regular'),(324,'hellopretty_alternates1'),(325,'hearth-&-home-alternate'),(326,'hearth-&-home'),(327,'harista'),(328,'glade'),(329,'ghisella'),(330,'gergaji-regular_0'),(331,'garait'),(332,'gabriola'),(333,'festivescript-pure'),(334,'esteban'),(335,'delight-slant'),(336,'dandelionscript-regular'),(337,'cornelia'),(338,'coldaysmemoriesscript-regular'),(339,'citrus-regular'),(340,'circu3'),(341,'chopinscript'),(342,'catherine'),(343,'carolyna_pro_black'),(344,'carlington'),(345,'candlescript-swashes-two'),(346,'candlescript-swashes-four'),(347,'candlescript-swashes-five'),(348,'candlescript-end-six'),(349,'candlescript-end-seven'),(350,'candlescript-end-nine'),(351,'candlescript-end-five'),(352,'candlescript-end-eight'),(353,'candlescript-demo-version'),(354,'candlescript-basic-two-alt'),(355,'candlescript-basic-three'),(356,'candlescript-basic-five'),(357,'campfire-stories'),(358,'bunthak'),(359,'bring-heart'),(360,'brilliant-regular'),(361,'blacksword'),(362,'bella-script'),(363,'bellagio'),(364,'beautifulbloom-regular'),(365,'aprillia-script'),(366,'angelista_0'),(367,'angelique'),(368,'angelica-regular'),(369,'amigirl-script'),(370,'aidan-script'),(371,'aaronscript-regular'),(372,'yeahpapa'),(373,'unkempt-bold'),(374,'uncialantiqua-regular'),(375,'typesenses-blendcapswestern'),(376,'trailmade-regular'),(377,'tinkerbell_-_kustren'),(378,'tempsitc'),(379,'tektonpro-bold'),(380,'taxpayer'),(381,'sweaterweather-regular-1'),(382,'smithenfontduo-regular'),(383,'smileheart-two'),(384,'sketch-serif'),(385,'rocksalt-regular'),(386,'return_to_sender'),(387,'portlligatsans-regular'),(388,'plume-free-brush-font'),(389,'pelmeshka'),(390,'painp'),(391,'originalsurfer-regular'),(392,'orangepulp-regular'),(393,'old-emma-serif'),(394,'old-emma'),(395,'ocean-twelve'),(396,'nuevastd-cond'),(397,'northernlights-caps'),(398,'new-walt-disney'),(399,'mysteryquest-regular'),(400,'mustica-sans'),(401,'mountainsofchristmas-bold'),(402,'mosaic-pool-outline'),(403,'mosaic-pool-base'),(404,'miltoniantattoo-regular'),(405,'metrolin'),(406,'matthiola-bold'),(407,'marmelad-regular'),(408,'maorinewzeeland'),(409,'loveyalikeasister'),(410,'linesman'),(411,'limelight-regular'),(412,'le-gourmet'),(413,'lazyfox'),(414,'klunicornwishes'),(415,'klkayakadventures-regular'),(416,'khfridayfeels-regular'),(417,'juicy_brush'),(418,'juice'),(419,'jingle-crosshatch'),(420,'itckrist'),(421,'irishgrover-regular'),(422,'hennypenny-regular'),(423,'hefalo-brush'),(424,'hearth-&-home-sans'),(425,'hardy-street'),(426,'harbour-regular'),(427,'hammock-black'),(428,'gusto'),(429,'gsmfont'),(430,'grutchshaded'),(431,'griffy-regular'),(432,'frederickathegreat-regular'),(433,'flavors-regular'),(434,'fff_tusj'),(435,'fasterone-regular'),(436,'fashionista'),(437,'emilyscandy-regular'),(438,'dinotypesauce'),(439,'dinotypenormal'),(440,'dinotypedots'),(441,'dinotypedonut'),(442,'devious-vol-2'),(443,'demonius'),(444,'dearloystyle2-regular'),(445,'dearloy-regular'),(446,'danzo'),(447,'crushed-regular'),(448,'comic'),(449,'coldaysmemoriesuppercase-regular'),(450,'coffeedatedots-regular'),(451,'chaste-regular'),(452,'casual-regular'),(453,'cabinsketch-regular'),(454,'butterfliesscriptbubble-regular'),(455,'butterfliesscriptbrush-regular'),(456,'butterflies-regular'),(457,'brushshop-regular'),(458,'brusher-regular'),(459,'brushed'),(460,'boldoa-mat'),(461,'bitechalknormal'),(462,'bitechalk'),(463,'berkshireswash-regular'),(464,'bellatineproalt2-regular'),(465,'belepotan-normal_0'),(466,'awesome-regular_0'),(467,'amigirl-sans-swash'),(468,'akbaal'),(469,'agreloy'),(470,'aclonica-regular'),(471,'2008_xmas_fantasy-n');

/*Table structure for table `font_style` */

CREATE TABLE `font_style` (
  `id` int(11) NOT NULL AUTO_INCREMENT,
  `font_id` int(11) DEFAULT NULL,
  `font_style` int(11) DEFAULT NULL COMMENT '0: normal, 1: italic',
  `font_weight` int(11) DEFAULT NULL COMMENT '0: normal, 1: bold',
  `font_type` varchar(32) DEFAULT NULL,
  `path` varchar(1024) DEFAULT NULL,
  PRIMARY KEY (`id`),
  KEY `font_id` (`font_id`),
  CONSTRAINT `font_id` FOREIGN KEY (`font_id`) REFERENCES `font` (`id`)
) ENGINE=InnoDB AUTO_INCREMENT=975 DEFAULT CHARSET=latin1;

/*Data for the table `font_style` */

insert  into `font_style`(`id`,`font_id`,`font_style`,`font_weight`,`font_type`,`path`) values (504,1,NULL,NULL,'truetype','cirilic/alice-regular.ttf'),(505,2,NULL,NULL,'truetype','cirilic/amaticsc-bold.ttf'),(506,3,NULL,NULL,'truetype','cirilic/amaticsc-regular.ttf'),(507,4,NULL,NULL,'truetype','cirilic/arsenal-bold.ttf'),(508,5,NULL,NULL,'truetype','cirilic/arsenal-bolditalic.ttf'),(509,6,NULL,NULL,'truetype','cirilic/arsenal-italic.ttf'),(510,7,NULL,NULL,'truetype','cirilic/arsenal-regular.ttf'),(511,8,NULL,NULL,'truetype','cirilic/badscript-regular.ttf'),(512,9,NULL,NULL,'truetype','cirilic/caveat-bold.ttf'),(513,10,NULL,NULL,'truetype','cirilic/caveat-regular.ttf'),(514,11,NULL,NULL,'truetype','cirilic/comgar-bold.ttf'),(515,12,NULL,NULL,'truetype','cirilic/comgar-bolditalic.ttf'),(516,13,NULL,NULL,'truetype','cirilic/comgar-italic.ttf'),(517,14,NULL,NULL,'truetype','cirilic/comgar-light.ttf'),(518,15,NULL,NULL,'truetype','cirilic/comgar-lightitalic.ttf'),(519,16,NULL,NULL,'truetype','cirilic/comgar-medium.ttf'),(520,17,NULL,NULL,'truetype','cirilic/comgar-mediumitalic.ttf'),(521,18,NULL,NULL,'truetype','cirilic/comgar-regular.ttf'),(522,19,NULL,NULL,'truetype','cirilic/comgar-semibold.ttf'),(523,20,NULL,NULL,'truetype','cirilic/comgar-semibolditalic.ttf'),(524,21,NULL,NULL,'truetype','cirilic/cormorantsc-bold.ttf'),(525,22,NULL,NULL,'truetype','cirilic/cormorantsc-light.ttf'),(526,23,NULL,NULL,'truetype','cirilic/cormorantsc-medium.ttf'),(527,24,NULL,NULL,'truetype','cirilic/cormorantsc-regular.ttf'),(528,25,NULL,NULL,'truetype','cirilic/cormorantsc-semibold.ttf'),(529,26,NULL,NULL,'truetype','cirilic/podkova-regular.ttf'),(530,27,NULL,NULL,'opentype','classic/westcraftsans-stamp3.otf'),(531,28,NULL,NULL,'truetype','classic/vollkornsc-regular.ttf'),(532,29,NULL,NULL,'truetype','classic/vollkornsc-bold.ttf'),(533,30,NULL,NULL,'truetype','classic/vga850.fon'),(534,31,NULL,NULL,'truetype','classic/venomousshadowgrunge.ttf'),(535,32,NULL,NULL,'truetype','classic/venomousshadow.ttf'),(536,33,NULL,NULL,'truetype','classic/venomousregular.ttf'),(537,34,NULL,NULL,'truetype','classic/venomousgrunge.ttf'),(538,35,NULL,NULL,'truetype','classic/timesi.ttf'),(539,36,NULL,NULL,'truetype','classic/timesbi.ttf'),(540,37,NULL,NULL,'truetype','classic/timesbd.ttf'),(541,38,NULL,NULL,'truetype','classic/times.ttf'),(542,39,NULL,NULL,'truetype','classic/thegodfather-v2.ttf'),(543,40,NULL,NULL,'opentype','classic/thankfulmodern-woodcut.otf'),(544,41,NULL,NULL,'opentype','classic/tequilasunrise-regular.otf'),(545,42,NULL,NULL,'truetype','classic/specialelite-regular.ttf'),(546,43,NULL,NULL,'truetype','classic/sfdistantgalaxyalternate.ttf'),(547,44,NULL,NULL,'truetype','classic/savanainlinegridgrunge.ttf'),(548,45,NULL,NULL,'opentype','classic/sailors-rough.otf'),(549,46,NULL,NULL,'opentype','classic/sailors.otf'),(550,47,NULL,NULL,'truetype','classic/saddlery_fill.ttf'),(551,48,NULL,NULL,'truetype','classic/saddlery.ttf'),(552,49,NULL,NULL,'truetype','classic/rozhaone-regular.ttf'),(553,50,NULL,NULL,'truetype','classic/royalguillocheshadow.ttf'),(554,51,NULL,NULL,'truetype','classic/roska.ttf'),(555,52,NULL,NULL,'truetype','classic/ropstone-free-demo.ttf'),(556,53,NULL,NULL,'truetype','classic/rocksalt-regular.ttf'),(557,54,NULL,NULL,'truetype','classic/ribeye-regular.ttf'),(558,55,NULL,NULL,'truetype','classic/rhama.ttf'),(559,56,NULL,NULL,'opentype','classic/rebornbasic-regular.otf'),(560,57,NULL,NULL,'truetype','classic/ravenshadowgrunge.ttf'),(561,58,NULL,NULL,'opentype','classic/ranch-base.otf'),(562,59,NULL,NULL,'opentype','classic/ranch.otf'),(563,60,NULL,NULL,'truetype','classic/radley-regular.ttf'),(564,61,NULL,NULL,'truetype','classic/radley-italic.ttf'),(565,62,NULL,NULL,'truetype','classic/quattrocento-regular.ttf'),(566,63,NULL,NULL,'truetype','classic/quattrocento-bold.ttf'),(567,64,NULL,NULL,'truetype','classic/primitiva-regular.ttf'),(568,65,NULL,NULL,'opentype','classic/prestigeelitestd-bd.otf'),(569,66,NULL,NULL,'truetype','classic/playfairdisplaysc-regular.ttf'),(570,67,NULL,NULL,'truetype','classic/playfairdisplaysc-black.ttf'),(571,68,NULL,NULL,'opentype','classic/pirates-regular.otf'),(572,69,NULL,NULL,'truetype','classic/oldnewspapertypes.ttf'),(573,70,NULL,NULL,'opentype','classic/oh-seashells.otf'),(574,71,NULL,NULL,'opentype','classic/oh-old-anchor.otf'),(575,72,NULL,NULL,'opentype','classic/octopusinline.otf'),(576,73,NULL,NULL,'opentype','classic/octopusgrunge.otf'),(577,74,NULL,NULL,'opentype','classic/octopusbold.otf'),(578,75,NULL,NULL,'truetype','classic/nulshock-bd.ttf'),(579,76,NULL,NULL,'opentype','classic/novelia.otf'),(580,77,NULL,NULL,'opentype','classic/monstera-regular.otf'),(581,78,NULL,NULL,'truetype','classic/monophone-grunge.ttf'),(582,79,NULL,NULL,'truetype','classic/metrolin.ttf'),(583,80,NULL,NULL,'truetype','classic/messenger_pigeons_personal_use.ttf'),(584,81,NULL,NULL,'opentype','classic/lumberjack-inline-rough.otf'),(585,82,NULL,NULL,'truetype','classic/lacosteinline.ttf'),(586,83,NULL,NULL,'truetype','classic/kudryashevdisplay.ttf'),(587,84,NULL,NULL,'truetype','classic/jibrilregular.ttf'),(588,85,NULL,NULL,'truetype','classic/jasper-daniels.ttf'),(589,86,NULL,NULL,'opentype','classic/introheadruc-gbaseshade.otf'),(590,87,NULL,NULL,'opentype','classic/introheadruc-baseshade.otf'),(591,88,NULL,NULL,'opentype','classic/introheadhuc-h1base.otf'),(592,89,NULL,NULL,'opentype','classic/introheadh-lbaseshade.otf'),(593,90,NULL,NULL,'opentype','classic/introheadbuc-lbase.otf'),(594,91,NULL,NULL,'opentype','classic/introheadbuc-h2baseshade.otf'),(595,92,NULL,NULL,'opentype','classic/introheadbuc-h1base.otf'),(596,93,NULL,NULL,'opentype','classic/introheadbuc-gbaseshade.otf'),(597,94,NULL,NULL,'truetype','classic/imfepirm28p.ttf'),(598,95,NULL,NULL,'opentype','classic/hemingwar.otf'),(599,96,NULL,NULL,'truetype','classic/greenlightboldinlinegrunge.ttf'),(600,97,NULL,NULL,'truetype','classic/georgiab.ttf'),(601,98,NULL,NULL,'truetype','classic/georgia.ttf'),(602,99,NULL,NULL,'truetype','classic/garabd.ttf'),(603,100,NULL,NULL,'truetype','classic/gara.ttf'),(604,101,NULL,NULL,'opentype','classic/fragile-regular_0.otf'),(605,102,NULL,NULL,'truetype','classic/forum-regular.ttf'),(606,103,NULL,NULL,'opentype','classic/farmhandinline-regular.otf'),(607,104,NULL,NULL,'truetype','classic/ewert-regular.ttf'),(608,105,NULL,NULL,'opentype','classic/escorialef-regular.otf'),(609,106,NULL,NULL,'opentype','classic/domainedisp-regular.otf'),(610,107,NULL,NULL,'truetype','classic/dodger3cond.ttf'),(611,108,NULL,NULL,'opentype','classic/demonius.otf'),(612,109,NULL,NULL,'opentype','classic/dearloystyle2-regular.otf'),(613,110,NULL,NULL,'opentype','classic/dearloy-regular.otf'),(614,111,NULL,NULL,'truetype','classic/cutivemono-regular.ttf'),(615,112,NULL,NULL,'opentype','classic/cruise.otf'),(616,113,NULL,NULL,'truetype','classic/corleone.ttf'),(617,114,NULL,NULL,'truetype','classic/circu3.ttf'),(618,115,NULL,NULL,'truetype','classic/cinzeldecorative-regular.ttf'),(619,116,NULL,NULL,'truetype','classic/cinzeldecorative-bold.ttf'),(620,117,NULL,NULL,'truetype','classic/century.ttf'),(621,118,NULL,NULL,'opentype','classic/centauri.otf'),(622,119,NULL,NULL,'truetype','classic/casual-regular.ttf'),(623,120,NULL,NULL,'truetype','classic/castelar.ttf'),(624,121,NULL,NULL,'truetype','classic/cardo-regular.ttf'),(625,122,NULL,NULL,'opentype','classic/candlescript-swashes-two.otf'),(626,123,NULL,NULL,'opentype','classic/candlescript-swashes-four.otf'),(627,124,NULL,NULL,'opentype','classic/candlescript-swashes-five.otf'),(628,125,NULL,NULL,'opentype','classic/candlescript-end-six.otf'),(629,126,NULL,NULL,'opentype','classic/candlescript-end-seven.otf'),(630,127,NULL,NULL,'opentype','classic/candlescript-end-nine.otf'),(631,128,NULL,NULL,'opentype','classic/candlescript-end-five.otf'),(632,129,NULL,NULL,'opentype','classic/candlescript-end-eight.otf'),(633,130,NULL,NULL,'opentype','classic/candlescript-demo-version.otf'),(634,131,NULL,NULL,'opentype','classic/candlescript-basic-two-alt.otf'),(635,132,NULL,NULL,'opentype','classic/candlescript-basic-three.otf'),(636,133,NULL,NULL,'opentype','classic/candlescript-basic-five.otf'),(637,134,NULL,NULL,'truetype','classic/cambriab.ttf'),(638,135,NULL,NULL,'truetype','classic/cambria.ttc'),(639,136,NULL,NULL,'truetype','classic/c_box_0.ttf'),(640,137,NULL,NULL,'truetype','classic/c_box.ttf'),(641,138,NULL,NULL,'opentype','classic/butler_regular.otf'),(642,139,NULL,NULL,'truetype','classic/buffaloinline2grunge.ttf'),(643,140,NULL,NULL,'truetype','classic/budmo-jiggler_0.ttf'),(644,141,NULL,NULL,'opentype','classic/brixtonlt.otf'),(645,142,NULL,NULL,'opentype','classic/biker-new-rough.otf'),(646,143,NULL,NULL,'opentype','classic/biker-new-normal.otf'),(647,144,NULL,NULL,'opentype','classic/big-city-light-b.otf'),(648,145,NULL,NULL,'opentype','classic/big-city-light-a.otf'),(649,146,NULL,NULL,'opentype','classic/azalea-regular_1.otf'),(650,147,NULL,NULL,'opentype','classic/awconquerorcarved-regular.otf'),(651,148,NULL,NULL,'truetype','classic/averiaseriflibre-regular.ttf'),(652,149,NULL,NULL,'opentype','classic/arnota-regular.otf'),(653,150,NULL,NULL,'truetype','classic/app850.fon'),(654,151,NULL,NULL,'opentype','classic/annabel.otf'),(655,152,NULL,NULL,'opentype','classic/agaramondpro-regular.otf'),(656,153,NULL,NULL,'opentype','classic/agaramondpro-italic.otf'),(657,154,NULL,NULL,'opentype','classic/agaramondpro-bolditalic.otf'),(658,155,NULL,NULL,'opentype','classic/agaramondpro-bold.otf'),(659,156,NULL,NULL,'opentype','classic/ademo-gray.otf'),(660,157,NULL,NULL,'opentype','classic/acaslonpro-semibold.otf'),(661,158,NULL,NULL,'opentype','clean/westcraftsans-stamp3.otf'),(662,159,NULL,NULL,'opentype','clean/villa_didot.otf'),(663,160,NULL,NULL,'truetype','clean/venomousshadowgrunge.ttf'),(664,161,NULL,NULL,'truetype','clean/venomousshadow.ttf'),(665,162,NULL,NULL,'truetype','clean/venomousregular.ttf'),(666,163,NULL,NULL,'truetype','clean/venomousgrunge.ttf'),(667,164,NULL,NULL,'truetype','clean/varsity.ttf'),(668,165,NULL,NULL,'opentype','clean/thankfulmodern-woodcut.otf'),(669,166,NULL,NULL,'opentype','clean/tequilasunrise-regular.otf'),(670,167,NULL,NULL,'truetype','clean/tahomabd.ttf'),(671,168,NULL,NULL,'truetype','clean/tahoma.ttf'),(672,169,NULL,NULL,'opentype','clean/story-dream.otf'),(673,170,NULL,NULL,'truetype','clean/sirinstencil-regular.ttf'),(674,171,NULL,NULL,'opentype','clean/shilkmenrounded-regular.otf'),(675,172,NULL,NULL,'opentype','clean/sailors-rough.otf'),(676,173,NULL,NULL,'opentype','clean/sailors.otf'),(677,174,NULL,NULL,'truetype','clean/ropstone-free-demo.ttf'),(678,175,NULL,NULL,'opentype','clean/ranch-base.otf'),(679,176,NULL,NULL,'opentype','clean/ranch.otf'),(680,177,NULL,NULL,'opentype','clean/princella-sans.otf'),(681,178,NULL,NULL,'truetype','clean/pfcentura-threesingle.ttf'),(682,179,NULL,NULL,'truetype','clean/pfcenturasinglecaps.ttf'),(683,180,NULL,NULL,'opentype','clean/paramountsans-regular.otf'),(684,181,NULL,NULL,'opentype','clean/omisans-light.otf'),(685,182,NULL,NULL,'opentype','clean/omisans.otf'),(686,183,NULL,NULL,'opentype','clean/oilvareshadowed-regular.otf'),(687,184,NULL,NULL,'opentype','clean/oilvare-regular.otf'),(688,185,NULL,NULL,'opentype','clean/oh-seashells.otf'),(689,186,NULL,NULL,'opentype','clean/oh-old-anchor.otf'),(690,187,NULL,NULL,'opentype','clean/ohblue-waves-striped.otf'),(691,188,NULL,NULL,'opentype','clean/octopusinline.otf'),(692,189,NULL,NULL,'opentype','clean/octopusgrunge.otf'),(693,190,NULL,NULL,'opentype','clean/octopusbold.otf'),(694,191,NULL,NULL,'opentype','clean/nebula.otf'),(695,192,NULL,NULL,'truetype','clean/motlow-caps.ttf'),(696,193,NULL,NULL,'opentype','clean/montserrat-regular.otf'),(697,194,NULL,NULL,'opentype','clean/montserratalternates-light.otf'),(698,195,NULL,NULL,'opentype','clean/mars.otf'),(699,196,NULL,NULL,'truetype','clean/marmelad-regular.ttf'),(700,197,NULL,NULL,'truetype','clean/marlboro.ttf'),(701,198,NULL,NULL,'opentype','clean/marinewhiskey.otf'),(702,199,NULL,NULL,'truetype','clean/limelight-regular.ttf'),(703,200,NULL,NULL,'opentype','clean/likelysans-regular.otf'),(704,201,NULL,NULL,'truetype','clean/jerseyletters.ttf'),(705,202,NULL,NULL,'truetype','clean/jasper-daniels.ttf'),(706,203,NULL,NULL,'opentype','clean/introheadruc-gbaseshade.otf'),(707,204,NULL,NULL,'opentype','clean/introheadruc-baseshade.otf'),(708,205,NULL,NULL,'opentype','clean/introheadhuc-h1base.otf'),(709,206,NULL,NULL,'opentype','clean/introheadh-lbaseshade.otf'),(710,207,NULL,NULL,'opentype','clean/introheadbuc-lbase.otf'),(711,208,NULL,NULL,'opentype','clean/introheadbuc-h2baseshade.otf'),(712,209,NULL,NULL,'opentype','clean/introheadbuc-h1base.otf'),(713,210,NULL,NULL,'opentype','clean/introheadbuc-gbaseshade.otf'),(714,211,NULL,NULL,'opentype','clean/ikndo.otf'),(715,212,NULL,NULL,'opentype','clean/hemingwar.otf'),(716,213,NULL,NULL,'truetype','clean/gothicb.ttf'),(717,214,NULL,NULL,'truetype','clean/gothic.ttf'),(718,215,NULL,NULL,'opentype','clean/fragile-regular_0.otf'),(719,216,NULL,NULL,'opentype','clean/farmhand-regular.otf'),(720,217,NULL,NULL,'opentype','clean/farmhandinline-regular.otf'),(721,218,NULL,NULL,'opentype','clean/escorialef-regular.otf'),(722,219,NULL,NULL,'truetype','clean/devinylinline-regular.ttf'),(723,220,NULL,NULL,'truetype','clean/devinylincise-regular.ttf'),(724,221,NULL,NULL,'truetype','clean/devinylacier-regular.ttf'),(725,222,NULL,NULL,'opentype','clean/dearloystyle2-regular.otf'),(726,223,NULL,NULL,'opentype','clean/dearloy-regular.otf'),(727,224,NULL,NULL,'truetype','clean/cutivemono-regular.ttf'),(728,225,NULL,NULL,'truetype','clean/crushed-regular.ttf'),(729,226,NULL,NULL,'opentype','clean/cookies-font.otf'),(730,227,NULL,NULL,'truetype','clean/colleged.ttf'),(731,228,NULL,NULL,'opentype','clean/citrusgothic-regular.otf'),(732,229,NULL,NULL,'opentype','clean/citrusgothicinline-regular.otf'),(733,230,NULL,NULL,'opentype','clean/cavalcade-roughen.otf'),(734,231,NULL,NULL,'truetype','clean/cash-currency.ttf'),(735,232,NULL,NULL,'opentype','clean/burford_marque_0.otf'),(736,233,NULL,NULL,'opentype','clean/burford_inline.otf'),(737,234,NULL,NULL,'opentype','clean/burford_base.otf'),(738,235,NULL,NULL,'truetype','clean/budmo-jiggler_0.ttf'),(739,236,NULL,NULL,'opentype','clean/biker-new-rough.otf'),(740,237,NULL,NULL,'opentype','clean/biker-new-normal.otf'),(741,238,NULL,NULL,'opentype','clean/big-city-light-b.otf'),(742,239,NULL,NULL,'opentype','clean/big-city-light-a.otf'),(743,240,NULL,NULL,'truetype','clean/big-campus.ttf'),(744,241,NULL,NULL,'truetype','clean/bicycle.ttf'),(745,242,NULL,NULL,'opentype','clean/balestyasans-regular.otf'),(746,243,NULL,NULL,'opentype','clean/azureend.otf'),(747,244,NULL,NULL,'opentype','clean/azalea-regular_1.otf'),(748,245,NULL,NULL,'opentype','clean/awconquerorcarved-regular.otf'),(749,246,NULL,NULL,'opentype','clean/alphabet-stencils.otf'),(750,247,NULL,NULL,'opentype','clean/adventure.otf'),(751,248,NULL,NULL,'opentype','clean/ademo-gray.otf'),(752,249,NULL,NULL,'truetype','clean/aclonica-regular.ttf'),(753,250,NULL,NULL,'opentype','hand/worthwhile.otf'),(754,251,NULL,NULL,'opentype','hand/wildcats.otf'),(755,252,NULL,NULL,'opentype','hand/wellthington.otf'),(756,253,NULL,NULL,'opentype','hand/watinypro-regular.otf'),(757,254,NULL,NULL,'opentype','hand/victoria.otf'),(758,255,NULL,NULL,'truetype','hand/ufonts-com_chateau.ttf'),(759,256,NULL,NULL,'opentype','hand/tropical-nights-bold.otf'),(760,257,NULL,NULL,'opentype','hand/thesweetestthing-regular.otf'),(761,258,NULL,NULL,'opentype','hand/theangel-regular.otf'),(762,259,NULL,NULL,'opentype','hand/synthesia.otf'),(763,260,NULL,NULL,'opentype','hand/sunshine-script.otf'),(764,261,NULL,NULL,'truetype','hand/summerfestival-regular.ttf'),(765,262,NULL,NULL,'opentype','hand/stillshine-script.otf'),(766,263,NULL,NULL,'opentype','hand/spotlight.otf'),(767,264,NULL,NULL,'opentype','hand/southsiderough-regular.otf'),(768,265,NULL,NULL,'opentype','hand/southsidealternates-regular.otf'),(769,266,NULL,NULL,'opentype','hand/smithenscript-regular.otf'),(770,267,NULL,NULL,'opentype','hand/smileheart.otf'),(771,268,NULL,NULL,'truetype','hand/signaritaannedemo.ttf'),(772,269,NULL,NULL,'opentype','hand/shinelight_0.otf'),(773,270,NULL,NULL,'opentype','hand/shania-regular.otf'),(774,271,NULL,NULL,'opentype','hand/sexy-shout-free-font.otf'),(775,272,NULL,NULL,'truetype','hand/segoescb.ttf'),(776,273,NULL,NULL,'opentype','hand/scoothlanescript-regular.otf'),(777,274,NULL,NULL,'opentype','hand/scoothlane-sans-brush-1.otf'),(778,275,NULL,NULL,'opentype','hand/saturdayscript.otf'),(779,276,NULL,NULL,'truetype','hand/saddlery_fill.ttf'),(780,277,NULL,NULL,'truetype','hand/saddlery.ttf'),(781,278,NULL,NULL,'opentype','hand/rustybucket-regular.otf'),(782,279,NULL,NULL,'opentype','hand/rosaline.otf'),(783,280,NULL,NULL,'opentype','hand/riversideavenue-alt.otf'),(784,281,NULL,NULL,'opentype','hand/quentin.otf'),(785,282,NULL,NULL,'truetype','hand/pristina.ttf'),(786,283,NULL,NULL,'opentype','hand/princella-script-regular.otf'),(787,284,NULL,NULL,'opentype','hand/princella-bold.otf'),(788,285,NULL,NULL,'truetype','hand/prestige.ttf'),(789,286,NULL,NULL,'opentype','hand/playlist-script.otf'),(790,287,NULL,NULL,'truetype','hand/playball-regular.ttf'),(791,288,NULL,NULL,'opentype','hand/perfectsunset-regular.otf'),(792,289,NULL,NULL,'opentype','hand/parfumeriescriptregular.otf'),(793,290,NULL,NULL,'opentype','hand/parfumeriescriptoldstyle.otf'),(794,291,NULL,NULL,'opentype','hand/parfumeriescriptdecorative.otf'),(795,292,NULL,NULL,'opentype','hand/parfumeriescriptcurly.otf'),(796,293,NULL,NULL,'opentype','hand/paramount-regular.otf'),(797,294,NULL,NULL,'opentype','hand/northernlights-regular.otf'),(798,295,NULL,NULL,'opentype','hand/mystified.otf'),(799,296,NULL,NULL,'opentype','hand/mustica-script.otf'),(800,297,NULL,NULL,'opentype','hand/mustache-script.otf'),(801,298,NULL,NULL,'opentype','hand/mustache-rounded.otf'),(802,299,NULL,NULL,'opentype','hand/mustache-brush-script.otf'),(803,300,NULL,NULL,'truetype','hand/mozartscriptext-regular.ttf'),(804,301,NULL,NULL,'opentype','hand/montage-regular.otf'),(805,302,NULL,NULL,'truetype','hand/monsieurladoulaise-regular.ttf'),(806,303,NULL,NULL,'opentype','hand/misgaretha.otf'),(807,304,NULL,NULL,'truetype','hand/messenger_pigeons_personal_use.ttf'),(808,305,NULL,NULL,'opentype','hand/mattheo-regular.otf'),(809,306,NULL,NULL,'opentype','hand/masterblush-regular.otf'),(810,307,NULL,NULL,'opentype','hand/master_of_break.otf'),(811,308,NULL,NULL,'opentype','hand/marsha_belle_demo_version.otf'),(812,309,NULL,NULL,'opentype','hand/marhaban-regular.otf'),(813,310,NULL,NULL,'opentype','hand/maratre.otf'),(814,311,NULL,NULL,'opentype','hand/malficentscript-regular.otf'),(815,312,NULL,NULL,'opentype','hand/magenta.otf'),(816,313,NULL,NULL,'opentype','hand/madelina-script.otf'),(817,314,NULL,NULL,'truetype','hand/lokicola.ttf'),(818,315,NULL,NULL,'opentype','hand/lobster_1.otf'),(819,316,NULL,NULL,'opentype','hand/kimberly-script.otf'),(820,317,NULL,NULL,'opentype','hand/kimberlay.otf'),(821,318,NULL,NULL,'opentype','hand/khadijaspurs2-regular.otf'),(822,319,NULL,NULL,'opentype','hand/kayleight.otf'),(823,320,NULL,NULL,'truetype','hand/imfepiit28p.ttf'),(824,321,NULL,NULL,'opentype','hand/hysteria-brush.otf'),(825,322,NULL,NULL,'opentype','hand/humble-script.otf'),(826,323,NULL,NULL,'opentype','hand/housemate-regular.otf'),(827,324,NULL,NULL,'opentype','hand/hellopretty_alternates1.otf'),(828,325,NULL,NULL,'opentype','hand/hearth-&-home-alternate.otf'),(829,326,NULL,NULL,'opentype','hand/hearth-&-home.otf'),(830,327,NULL,NULL,'opentype','hand/harista.otf'),(831,328,NULL,NULL,'opentype','hand/glade.otf'),(832,329,NULL,NULL,'opentype','hand/ghisella.otf'),(833,330,NULL,NULL,'opentype','hand/gergaji-regular_0.otf'),(834,331,NULL,NULL,'truetype','hand/garait.ttf'),(835,332,NULL,NULL,'truetype','hand/gabriola.ttf'),(836,333,NULL,NULL,'truetype','hand/festivescript-pure.ttf'),(837,334,NULL,NULL,'opentype','hand/esteban.otf'),(838,335,NULL,NULL,'opentype','hand/delight-slant.otf'),(839,336,NULL,NULL,'opentype','hand/dandelionscript-regular.otf'),(840,337,NULL,NULL,'opentype','hand/cornelia.otf'),(841,338,NULL,NULL,'opentype','hand/coldaysmemoriesscript-regular.otf'),(842,339,NULL,NULL,'opentype','hand/citrus-regular.otf'),(843,340,NULL,NULL,'truetype','hand/circu3.ttf'),(844,341,NULL,NULL,'opentype','hand/chopinscript.otf'),(845,342,NULL,NULL,'opentype','hand/catherine.otf'),(846,343,NULL,NULL,'opentype','hand/carolyna_pro_black.otf'),(847,344,NULL,NULL,'opentype','hand/carlington.otf'),(848,345,NULL,NULL,'opentype','hand/candlescript-swashes-two.otf'),(849,346,NULL,NULL,'opentype','hand/candlescript-swashes-four.otf'),(850,347,NULL,NULL,'opentype','hand/candlescript-swashes-five.otf'),(851,348,NULL,NULL,'opentype','hand/candlescript-end-six.otf'),(852,349,NULL,NULL,'opentype','hand/candlescript-end-seven.otf'),(853,350,NULL,NULL,'opentype','hand/candlescript-end-nine.otf'),(854,351,NULL,NULL,'opentype','hand/candlescript-end-five.otf'),(855,352,NULL,NULL,'opentype','hand/candlescript-end-eight.otf'),(856,353,NULL,NULL,'opentype','hand/candlescript-demo-version.otf'),(857,354,NULL,NULL,'opentype','hand/candlescript-basic-two-alt.otf'),(858,355,NULL,NULL,'opentype','hand/candlescript-basic-three.otf'),(859,356,NULL,NULL,'opentype','hand/candlescript-basic-five.otf'),(860,357,NULL,NULL,'opentype','hand/campfire-stories.otf'),(861,358,NULL,NULL,'opentype','hand/bunthak.otf'),(862,359,NULL,NULL,'opentype','hand/bring-heart.otf'),(863,360,NULL,NULL,'opentype','hand/brilliant-regular.otf'),(864,361,NULL,NULL,'opentype','hand/blacksword.otf'),(865,362,NULL,NULL,'opentype','hand/bella-script.otf'),(866,363,NULL,NULL,'opentype','hand/bellagio.otf'),(867,364,NULL,NULL,'opentype','hand/beautifulbloom-regular.otf'),(868,365,NULL,NULL,'opentype','hand/aprillia-script.otf'),(869,366,NULL,NULL,'opentype','hand/angelista_0.otf'),(870,367,NULL,NULL,'opentype','hand/angelique.otf'),(871,368,NULL,NULL,'opentype','hand/angelica-regular.otf'),(872,369,NULL,NULL,'opentype','hand/amigirl-script.otf'),(873,370,NULL,NULL,'opentype','hand/aidan-script.otf'),(874,371,NULL,NULL,'opentype','hand/aaronscript-regular.otf'),(875,372,NULL,NULL,'truetype','naiv/yeahpapa.ttf'),(876,373,NULL,NULL,'truetype','naiv/unkempt-bold.ttf'),(877,374,NULL,NULL,'truetype','naiv/uncialantiqua-regular.ttf'),(878,375,NULL,NULL,'opentype','naiv/typesenses-blendcapswestern.otf'),(879,376,NULL,NULL,'opentype','naiv/trailmade-regular.otf'),(880,377,NULL,NULL,'opentype','naiv/tinkerbell_-_kustren.otf'),(881,378,NULL,NULL,'truetype','naiv/tempsitc.ttf'),(882,379,NULL,NULL,'opentype','naiv/tektonpro-bold.otf'),(883,380,NULL,NULL,'truetype','naiv/taxpayer.ttf'),(884,381,NULL,NULL,'opentype','naiv/sweaterweather-regular-1.otf'),(885,382,NULL,NULL,'opentype','naiv/smithenfontduo-regular.otf'),(886,383,NULL,NULL,'opentype','naiv/smileheart-two.otf'),(887,384,NULL,NULL,'truetype','naiv/sketch-serif.ttf'),(888,385,NULL,NULL,'truetype','naiv/rocksalt-regular.ttf'),(889,386,NULL,NULL,'truetype','naiv/return_to_sender.ttf'),(890,387,NULL,NULL,'truetype','naiv/portlligatsans-regular.ttf'),(891,388,NULL,NULL,'opentype','naiv/plume-free-brush-font.otf'),(892,389,NULL,NULL,'truetype','naiv/pelmeshka.ttf'),(893,390,NULL,NULL,'truetype','naiv/painp.ttf'),(894,391,NULL,NULL,'truetype','naiv/originalsurfer-regular.ttf'),(895,392,NULL,NULL,'opentype','naiv/orangepulp-regular.otf'),(896,393,NULL,NULL,'opentype','naiv/old-emma-serif.otf'),(897,394,NULL,NULL,'opentype','naiv/old-emma.otf'),(898,395,NULL,NULL,'opentype','naiv/ocean-twelve.otf'),(899,396,NULL,NULL,'opentype','naiv/nuevastd-cond.otf'),(900,397,NULL,NULL,'opentype','naiv/northernlights-caps.otf'),(901,398,NULL,NULL,'truetype','naiv/new-walt-disney.ttf'),(902,399,NULL,NULL,'truetype','naiv/mysteryquest-regular.ttf'),(903,400,NULL,NULL,'opentype','naiv/mustica-sans.otf'),(904,401,NULL,NULL,'truetype','naiv/mountainsofchristmas-bold.ttf'),(905,402,NULL,NULL,'opentype','naiv/mosaic-pool-outline.otf'),(906,403,NULL,NULL,'opentype','naiv/mosaic-pool-base.otf'),(907,404,NULL,NULL,'truetype','naiv/miltoniantattoo-regular.ttf'),(908,405,NULL,NULL,'truetype','naiv/metrolin.ttf'),(909,406,NULL,NULL,'opentype','naiv/matthiola-bold.otf'),(910,407,NULL,NULL,'truetype','naiv/marmelad-regular.ttf'),(911,408,NULL,NULL,'opentype','naiv/maorinewzeeland.otf'),(912,409,NULL,NULL,'truetype','naiv/loveyalikeasister.ttf'),(913,410,NULL,NULL,'opentype','naiv/linesman.otf'),(914,411,NULL,NULL,'truetype','naiv/limelight-regular.ttf'),(915,412,NULL,NULL,'opentype','naiv/le-gourmet.otf'),(916,413,NULL,NULL,'opentype','naiv/lazyfox.otf'),(917,414,NULL,NULL,'truetype','naiv/klunicornwishes.ttf'),(918,415,NULL,NULL,'truetype','naiv/klkayakadventures-regular.ttf'),(919,416,NULL,NULL,'truetype','naiv/khfridayfeels-regular.ttf'),(920,417,NULL,NULL,'opentype','naiv/juicy_brush.otf'),(921,418,NULL,NULL,'truetype','naiv/juice.ttf'),(922,419,NULL,NULL,'opentype','naiv/jingle-crosshatch.otf'),(923,420,NULL,NULL,'truetype','naiv/itckrist.ttf'),(924,421,NULL,NULL,'truetype','naiv/irishgrover-regular.ttf'),(925,422,NULL,NULL,'truetype','naiv/hennypenny-regular.ttf'),(926,423,NULL,NULL,'opentype','naiv/hefalo-brush.otf'),(927,424,NULL,NULL,'opentype','naiv/hearth-&-home-sans.otf'),(928,425,NULL,NULL,'opentype','naiv/hardy-street.otf'),(929,426,NULL,NULL,'opentype','naiv/harbour-regular.otf'),(930,427,NULL,NULL,'opentype','naiv/hammock-black.otf'),(931,428,NULL,NULL,'opentype','naiv/gusto.otf'),(932,429,NULL,NULL,'truetype','naiv/gsmfont.ttf'),(933,430,NULL,NULL,'truetype','naiv/grutchshaded.ttf'),(934,431,NULL,NULL,'truetype','naiv/griffy-regular.ttf'),(935,432,NULL,NULL,'truetype','naiv/frederickathegreat-regular.ttf'),(936,433,NULL,NULL,'truetype','naiv/flavors-regular.ttf'),(937,434,NULL,NULL,'truetype','naiv/fff_tusj.ttf'),(938,435,NULL,NULL,'truetype','naiv/fasterone-regular.ttf'),(939,436,NULL,NULL,'opentype','naiv/fashionista.otf'),(940,437,NULL,NULL,'truetype','naiv/emilyscandy-regular.ttf'),(941,438,NULL,NULL,'opentype','naiv/dinotypesauce.otf'),(942,439,NULL,NULL,'opentype','naiv/dinotypenormal.otf'),(943,440,NULL,NULL,'opentype','naiv/dinotypedots.otf'),(944,441,NULL,NULL,'opentype','naiv/dinotypedonut.otf'),(945,442,NULL,NULL,'opentype','naiv/devious-vol-2.otf'),(946,443,NULL,NULL,'opentype','naiv/demonius.otf'),(947,444,NULL,NULL,'opentype','naiv/dearloystyle2-regular.otf'),(948,445,NULL,NULL,'opentype','naiv/dearloy-regular.otf'),(949,446,NULL,NULL,'opentype','naiv/danzo.otf'),(950,447,NULL,NULL,'truetype','naiv/crushed-regular.ttf'),(951,448,NULL,NULL,'truetype','naiv/comic.ttf'),(952,449,NULL,NULL,'opentype','naiv/coldaysmemoriesuppercase-regular.otf'),(953,450,NULL,NULL,'opentype','naiv/coffeedatedots-regular.otf'),(954,451,NULL,NULL,'opentype','naiv/chaste-regular.otf'),(955,452,NULL,NULL,'truetype','naiv/casual-regular.ttf'),(956,453,NULL,NULL,'truetype','naiv/cabinsketch-regular.ttf'),(957,454,NULL,NULL,'opentype','naiv/butterfliesscriptbubble-regular.otf'),(958,455,NULL,NULL,'opentype','naiv/butterfliesscriptbrush-regular.otf'),(959,456,NULL,NULL,'opentype','naiv/butterflies-regular.otf'),(960,457,NULL,NULL,'opentype','naiv/brushshop-regular.otf'),(961,458,NULL,NULL,'opentype','naiv/brusher-regular.otf'),(962,459,NULL,NULL,'truetype','naiv/brushed.ttf'),(963,460,NULL,NULL,'opentype','naiv/boldoa-mat.otf'),(964,461,NULL,NULL,'truetype','naiv/bitechalknormal.ttf'),(965,462,NULL,NULL,'truetype','naiv/bitechalk.ttf'),(966,463,NULL,NULL,'truetype','naiv/berkshireswash-regular.ttf'),(967,464,NULL,NULL,'opentype','naiv/bellatineproalt2-regular.otf'),(968,465,NULL,NULL,'opentype','naiv/belepotan-normal_0.otf'),(969,466,NULL,NULL,'truetype','naiv/awesome-regular_0.ttf'),(970,467,NULL,NULL,'opentype','naiv/amigirl-sans-swash.otf'),(971,468,NULL,NULL,'opentype','naiv/akbaal.otf'),(972,469,NULL,NULL,'opentype','naiv/agreloy.otf'),(973,470,NULL,NULL,'truetype','naiv/aclonica-regular.ttf'),(974,471,NULL,NULL,'opentype','naiv/2008_xmas_fantasy-n.otf');

/*Table structure for table `format` */

CREATE TABLE `format` (
  `id` int(11) NOT NULL AUTO_INCREMENT,
  `name` varchar(64) CHARACTER SET utf8 COLLATE utf8_unicode_ci DEFAULT NULL,
  PRIMARY KEY (`id`)
) ENGINE=InnoDB AUTO_INCREMENT=4 DEFAULT CHARSET=latin1;

/*Data for the table `format` */

insert  into `format`(`id`,`name`) values (1,'A4'),(2,'A5'),(3,'A6');

/*Table structure for table `migration` */

CREATE TABLE `migration` (
  `version` varchar(180) NOT NULL,
  `apply_time` int(11) DEFAULT NULL,
  PRIMARY KEY (`version`)
) ENGINE=InnoDB DEFAULT CHARSET=latin1;

/*Data for the table `migration` */

insert  into `migration`(`version`,`apply_time`) values ('m000000_000000_base',1519304437),('m130524_201442_init',1519304440);

/*Table structure for table `order` */

CREATE TABLE `order` (
  `id` int(11) NOT NULL AUTO_INCREMENT,
  `user_id` int(11) DEFAULT NULL,
  `fullname` varchar(128) CHARACTER SET utf8 DEFAULT NULL,
  `email` varchar(64) DEFAULT NULL,
  `phone` varchar(16) DEFAULT NULL,
  `region_id` int(11) DEFAULT NULL,
  `address` varchar(255) CHARACTER SET utf8 DEFAULT NULL,
  `city` varchar(255) CHARACTER SET utf8 DEFAULT NULL,
  `sum` decimal(11,2) DEFAULT NULL,
  `notes` text CHARACTER SET utf8,
  `delivery_type_id` int(11) DEFAULT NULL,
  `delivery_sum` int(11) DEFAULT NULL,
  `total` decimal(11,2) DEFAULT NULL,
  `payment_type_id` int(11) DEFAULT NULL,
  `payed_info` text CHARACTER SET utf8,
  `payed_at` int(11) DEFAULT NULL,
  `created_at` int(11) DEFAULT NULL,
  PRIMARY KEY (`id`),
  KEY `region_id1` (`region_id`),
  KEY `user_id1` (`user_id`)
) ENGINE=InnoDB AUTO_INCREMENT=100034 DEFAULT CHARSET=latin1;

/*Data for the table `order` */

insert  into `order`(`id`,`user_id`,`fullname`,`email`,`phone`,`region_id`,`address`,`city`,`sum`,`notes`,`delivery_type_id`,`delivery_sum`,`total`,`payment_type_id`,`payed_info`,`payed_at`,`created_at`) values (100032,8,NULL,NULL,NULL,NULL,NULL,NULL,10.00,NULL,NULL,NULL,10.00,NULL,NULL,1526893028,1526893028),(100033,8,NULL,NULL,NULL,NULL,NULL,NULL,40.00,NULL,NULL,NULL,40.00,NULL,NULL,1527526098,1527526098);

/*Table structure for table `order_product` */

CREATE TABLE `order_product` (
  `id` int(11) NOT NULL AUTO_INCREMENT,
  `order_id` int(11) DEFAULT NULL,
  `object_id` int(11) DEFAULT NULL,
  `object_type` int(11) DEFAULT NULL COMMENT '1: event',
  `product_id` int(11) DEFAULT NULL,
  `product_object_id` int(11) DEFAULT NULL,
  `name` varchar(128) CHARACTER SET utf8 DEFAULT NULL,
  `attr` text CHARACTER SET utf8,
  `notes` varchar(128) CHARACTER SET utf8 DEFAULT NULL,
  `price` decimal(11,2) DEFAULT NULL,
  `count` int(11) DEFAULT NULL,
  `delivery_price` int(11) DEFAULT NULL,
  `delivery_sum` int(11) DEFAULT NULL,
  `total` decimal(11,2) DEFAULT NULL,
  `created_at` int(11) DEFAULT NULL,
  `updated_at` int(11) DEFAULT NULL,
  PRIMARY KEY (`id`),
  KEY `order_id` (`order_id`),
  CONSTRAINT `order_id` FOREIGN KEY (`order_id`) REFERENCES `order` (`id`)
) ENGINE=InnoDB AUTO_INCREMENT=214 DEFAULT CHARSET=latin1;

/*Data for the table `order_product` */

insert  into `order_product`(`id`,`order_id`,`object_id`,`object_type`,`product_id`,`product_object_id`,`name`,`attr`,`notes`,`price`,`count`,`delivery_price`,`delivery_sum`,`total`,`created_at`,`updated_at`) values (212,100032,28,1,18,45,'Michelle Carrington',NULL,NULL,10.00,1,NULL,NULL,10.00,1526893028,NULL),(213,100033,31,1,18,45,'Monica Lewinsky',NULL,NULL,10.00,4,NULL,NULL,40.00,1527526098,NULL);

/*Table structure for table `photo` */

CREATE TABLE `photo` (
  `id` int(11) NOT NULL AUTO_INCREMENT,
  `name` varchar(512) CHARACTER SET utf8 COLLATE utf8_unicode_ci DEFAULT NULL,
  `element_type_id` int(11) DEFAULT NULL,
  `product_object_id` int(11) DEFAULT NULL,
  PRIMARY KEY (`id`)
) ENGINE=InnoDB AUTO_INCREMENT=636 DEFAULT CHARSET=latin1;

/*Data for the table `photo` */

insert  into `photo`(`id`,`name`,`element_type_id`,`product_object_id`) values (135,NULL,9,NULL),(136,NULL,9,NULL),(137,NULL,9,NULL),(138,NULL,9,NULL),(139,NULL,9,NULL),(140,NULL,9,NULL),(141,NULL,9,NULL),(142,NULL,9,NULL),(143,NULL,9,NULL),(144,NULL,9,NULL),(145,NULL,9,NULL),(146,NULL,9,NULL),(147,NULL,9,NULL),(148,NULL,9,NULL),(149,NULL,9,NULL),(150,NULL,9,NULL),(151,NULL,9,NULL),(152,NULL,9,NULL),(153,NULL,9,NULL),(154,NULL,9,NULL),(155,NULL,9,NULL),(156,NULL,9,NULL),(157,NULL,9,NULL),(158,NULL,9,NULL),(159,NULL,9,NULL),(160,NULL,9,NULL),(161,NULL,9,NULL),(162,NULL,9,NULL),(163,NULL,9,NULL),(164,NULL,9,NULL),(165,NULL,9,NULL),(166,NULL,9,NULL),(167,NULL,9,NULL),(168,NULL,9,NULL),(169,NULL,9,NULL),(170,NULL,9,NULL),(171,NULL,9,NULL),(172,NULL,9,NULL),(173,NULL,9,NULL),(174,NULL,9,NULL),(175,NULL,9,NULL),(176,NULL,9,NULL),(177,NULL,9,NULL),(178,NULL,9,NULL),(179,NULL,9,NULL),(180,NULL,9,NULL),(181,NULL,9,NULL),(182,NULL,9,NULL),(183,NULL,9,NULL),(184,NULL,9,NULL),(185,NULL,9,NULL),(186,NULL,9,NULL),(187,NULL,9,NULL),(188,NULL,9,NULL),(189,NULL,9,NULL),(190,NULL,9,NULL),(191,NULL,9,NULL),(192,NULL,9,NULL),(193,NULL,9,NULL),(194,NULL,9,NULL),(195,NULL,6,NULL),(196,NULL,6,NULL),(197,NULL,6,NULL),(198,NULL,6,NULL),(199,NULL,6,NULL),(200,NULL,6,NULL),(201,NULL,6,NULL),(202,NULL,6,NULL),(203,NULL,6,NULL),(204,NULL,6,NULL),(205,NULL,6,NULL),(206,NULL,6,NULL),(207,NULL,6,NULL),(208,NULL,6,NULL),(209,NULL,6,NULL),(210,NULL,6,NULL),(211,NULL,6,NULL),(212,NULL,6,NULL),(213,NULL,6,NULL),(214,NULL,6,NULL),(215,NULL,6,NULL),(216,NULL,6,NULL),(217,NULL,6,NULL),(218,NULL,6,NULL),(219,NULL,6,NULL),(220,NULL,6,NULL),(222,NULL,6,NULL),(223,NULL,6,NULL),(224,NULL,6,NULL),(225,NULL,6,NULL),(226,NULL,6,NULL),(227,NULL,6,NULL),(228,NULL,6,NULL),(229,NULL,6,NULL),(230,NULL,6,NULL),(231,NULL,6,NULL),(232,NULL,6,NULL),(233,NULL,6,NULL),(234,NULL,6,NULL),(235,NULL,6,NULL),(236,NULL,6,NULL),(237,NULL,6,NULL),(238,NULL,6,NULL),(239,NULL,6,NULL),(240,NULL,6,NULL),(241,NULL,6,NULL),(242,NULL,6,NULL),(243,NULL,6,NULL),(244,NULL,6,NULL),(245,NULL,6,NULL),(246,NULL,6,NULL),(247,NULL,6,NULL),(248,NULL,6,NULL),(249,NULL,6,NULL),(250,NULL,6,NULL),(251,NULL,6,NULL),(252,NULL,6,NULL),(253,NULL,6,NULL),(254,NULL,6,NULL),(255,NULL,6,NULL),(256,NULL,6,NULL),(257,NULL,6,NULL),(258,NULL,6,NULL),(259,NULL,6,NULL),(260,NULL,6,NULL),(261,NULL,6,NULL),(262,NULL,6,NULL),(263,NULL,6,NULL),(264,NULL,6,NULL),(265,NULL,6,NULL),(266,NULL,6,NULL),(267,NULL,6,NULL),(268,NULL,6,NULL),(269,NULL,6,NULL),(270,NULL,6,NULL),(271,NULL,6,NULL),(272,NULL,6,NULL),(273,NULL,6,NULL),(274,NULL,6,NULL),(275,NULL,6,NULL),(276,NULL,6,NULL),(277,NULL,6,NULL),(278,NULL,6,NULL),(279,NULL,6,NULL),(280,NULL,6,NULL),(281,NULL,6,NULL),(282,NULL,6,NULL),(283,NULL,6,NULL),(284,NULL,6,NULL),(285,NULL,6,NULL),(286,NULL,6,NULL),(287,NULL,6,NULL),(288,NULL,6,NULL),(289,NULL,6,NULL),(290,NULL,6,NULL),(291,NULL,6,NULL),(292,NULL,6,NULL),(293,NULL,6,NULL),(294,NULL,6,NULL),(295,NULL,6,NULL),(296,NULL,6,NULL),(297,NULL,6,NULL),(298,NULL,6,NULL),(299,NULL,6,NULL),(300,NULL,6,NULL),(301,NULL,6,NULL),(302,NULL,6,NULL),(303,NULL,6,NULL),(304,NULL,6,NULL),(305,NULL,6,NULL),(306,NULL,6,NULL),(307,NULL,6,NULL),(308,NULL,6,NULL),(309,NULL,6,NULL),(310,NULL,6,NULL),(311,NULL,6,NULL),(312,NULL,6,NULL),(313,NULL,6,NULL),(314,NULL,6,NULL),(315,NULL,6,NULL),(316,NULL,6,NULL),(317,NULL,6,NULL),(318,NULL,6,NULL),(394,NULL,5,NULL),(395,NULL,5,NULL),(396,NULL,5,NULL),(397,NULL,5,NULL),(398,NULL,5,NULL),(399,NULL,5,NULL),(400,NULL,5,NULL),(401,NULL,5,NULL),(402,NULL,5,NULL),(403,NULL,5,NULL),(404,NULL,5,NULL),(405,NULL,5,NULL),(406,NULL,5,NULL),(407,NULL,5,NULL),(408,NULL,5,NULL),(409,NULL,5,NULL),(410,NULL,5,NULL),(411,NULL,5,NULL),(412,NULL,5,NULL),(413,NULL,5,NULL),(414,NULL,5,NULL),(415,NULL,5,NULL),(416,NULL,5,NULL),(417,NULL,5,NULL),(418,NULL,5,NULL),(419,NULL,5,NULL),(420,NULL,5,NULL),(421,NULL,5,NULL),(422,NULL,5,NULL),(423,NULL,5,NULL),(424,NULL,5,NULL),(425,NULL,5,NULL),(426,NULL,5,NULL),(427,NULL,5,NULL),(428,NULL,5,NULL),(429,NULL,5,NULL),(430,NULL,5,NULL),(431,NULL,5,NULL),(432,NULL,5,NULL),(433,NULL,5,NULL),(434,NULL,5,NULL),(435,NULL,5,NULL),(436,NULL,5,NULL),(437,NULL,5,NULL),(438,NULL,5,NULL),(439,NULL,5,NULL),(440,NULL,5,NULL),(441,NULL,5,NULL),(442,NULL,5,NULL),(443,NULL,5,NULL),(444,NULL,5,NULL),(445,NULL,5,NULL),(446,NULL,5,NULL),(447,NULL,5,NULL),(448,NULL,5,NULL),(449,NULL,5,NULL),(450,NULL,5,NULL),(451,NULL,5,NULL),(452,NULL,5,NULL),(453,NULL,5,NULL),(454,NULL,5,NULL),(455,NULL,5,NULL),(456,NULL,5,NULL),(457,NULL,5,NULL),(458,NULL,5,NULL),(459,NULL,5,NULL),(460,NULL,5,NULL),(461,NULL,5,NULL),(462,NULL,5,NULL),(463,NULL,5,NULL),(464,NULL,5,NULL),(465,NULL,5,NULL),(466,NULL,5,NULL),(467,NULL,5,NULL),(468,NULL,5,NULL),(469,NULL,5,NULL),(470,NULL,5,NULL),(471,NULL,5,NULL),(472,NULL,5,NULL),(473,NULL,5,NULL),(474,NULL,5,NULL),(475,NULL,5,NULL),(476,NULL,5,NULL),(477,NULL,5,NULL),(478,NULL,5,NULL),(479,NULL,5,NULL),(480,NULL,5,NULL),(481,NULL,5,NULL),(482,NULL,5,NULL),(483,NULL,5,NULL),(484,NULL,5,NULL),(485,NULL,5,NULL),(486,NULL,5,NULL),(487,NULL,5,NULL),(488,NULL,5,NULL),(489,NULL,5,NULL),(490,NULL,5,NULL),(491,NULL,5,NULL),(492,NULL,5,NULL),(493,NULL,5,NULL),(494,NULL,5,NULL),(495,NULL,5,NULL),(496,NULL,5,NULL),(497,NULL,5,NULL),(498,NULL,5,NULL),(499,NULL,5,NULL),(500,NULL,5,NULL),(501,NULL,5,NULL),(502,NULL,5,NULL),(503,NULL,5,NULL),(504,NULL,5,NULL),(505,NULL,5,NULL),(506,NULL,5,NULL),(507,NULL,5,NULL),(508,NULL,5,NULL),(509,NULL,5,NULL),(510,NULL,5,NULL),(511,NULL,5,NULL),(512,NULL,5,NULL),(513,NULL,5,NULL),(514,NULL,5,NULL),(515,NULL,5,NULL),(516,NULL,5,NULL),(517,NULL,5,NULL),(518,NULL,5,NULL),(519,NULL,5,NULL),(520,NULL,5,NULL),(521,NULL,5,NULL),(522,NULL,5,NULL),(523,NULL,5,NULL),(524,NULL,5,NULL),(525,NULL,5,NULL),(526,NULL,5,NULL),(527,NULL,5,NULL),(528,NULL,5,NULL),(529,NULL,5,NULL),(530,NULL,5,NULL),(531,NULL,5,NULL),(532,NULL,5,NULL),(533,NULL,5,NULL),(538,NULL,2,NULL),(540,NULL,2,37),(541,NULL,2,36),(542,NULL,2,35),(543,NULL,2,39),(544,NULL,2,40),(545,'envelope-01m.png',7,NULL),(546,'envelope-10m.png',7,NULL),(547,'envelope-11m.png',7,NULL),(548,'envelope-12m.png',7,NULL),(549,'envelope-13m.png',7,NULL),(550,'envelope-14m.png',7,NULL),(551,'envelope-15m.png',7,NULL),(552,'envelope-16m.png',7,NULL),(553,'envelope-17m.png',7,NULL),(554,'envelope-18m.png',7,NULL),(555,'envelope-19m.png',7,NULL),(556,'envelope-1m.png',7,NULL),(557,'envelope-20m.png',7,NULL),(558,'envelope-21nym.png',7,NULL),(559,'envelope-22m.png',7,NULL),(560,'envelope-23m.png',7,NULL),(561,'envelope-24m.png',7,NULL),(562,'envelope-25m.png',7,NULL),(563,'envelope-26m.png',7,NULL),(564,'envelope-27m.png',7,NULL),(565,'envelope-28m.png',7,NULL),(566,'envelope-29m.png',7,NULL),(567,'envelope-2m.png',7,NULL),(568,'envelope-30m.png',7,NULL),(569,'envelope-31m.png',7,NULL),(570,'envelope-32m.png',7,NULL),(571,'envelope-33m.png',7,NULL),(572,'envelope-34m.png',7,NULL),(573,'envelope-35m.png',7,NULL),(574,'envelope-36m.png',7,NULL),(575,'envelope-37m.png',7,NULL),(576,'envelope-38m.png',7,NULL),(577,'envelope-39m.png',7,NULL),(578,'envelope-3m.png',7,NULL),(579,'envelope-40m.png',7,NULL),(580,'envelope-41m.png',7,NULL),(581,'envelope-42m.png',7,NULL),(582,'envelope-43m.png',7,NULL),(583,'envelope-44m.png',7,NULL),(584,'envelope-45m.png',7,NULL),(585,'envelope-46m.png',7,NULL),(586,'envelope-47m.png',7,NULL),(587,'envelope-48m.png',7,NULL),(588,'envelope-49m.png',7,NULL),(589,'envelope-4m.png',7,NULL),(590,'envelope-50m.png',7,NULL),(591,'envelope-51m.png',7,NULL),(592,'envelope-52m.png',7,NULL),(593,'envelope-53m.png',7,NULL),(594,'envelope-54m.png',7,NULL),(595,'envelope-55m.png',7,NULL),(596,'envelope-56m.png',7,NULL),(597,'envelope-57m.png',7,NULL),(598,'envelope-58m.png',7,NULL),(599,'envelope-59m.png',7,NULL),(600,'envelope-5m.png',7,NULL),(601,'envelope-60m.png',7,NULL),(602,'envelope-61m.png',7,NULL),(603,'envelope-62m.png',7,NULL),(604,'envelope-63m.png',7,NULL),(605,'envelope-64m.png',7,NULL),(606,'envelope-65m.png',7,NULL),(607,'envelope-66m.png',7,NULL),(608,'envelope-67m.png',7,NULL),(609,'envelope-68m.png',7,NULL),(610,'envelope-69m.png',7,NULL),(611,'envelope-6m.png',7,NULL),(612,'envelope-70m.png',7,NULL),(613,'envelope-71m.png',7,NULL),(614,'envelope-72m.png',7,NULL),(615,'envelope-73m.png',7,NULL),(616,'envelope-74m.png',7,NULL),(617,'envelope-75m.png',7,NULL),(618,'envelope-7m.png',7,NULL),(619,'envelope-8m.png',7,NULL),(620,'envelope-9m.png',7,NULL),(622,NULL,2,42),(623,NULL,2,41),(624,NULL,2,43),(626,NULL,2,44),(627,NULL,2,45),(628,NULL,2,45),(629,NULL,2,46),(630,NULL,2,47),(632,NULL,2,48),(633,NULL,2,49),(635,NULL,2,50);

/*Table structure for table `photo_user` */

CREATE TABLE `photo_user` (
  `id` int(11) NOT NULL AUTO_INCREMENT,
  `user_id` int(11) DEFAULT NULL,
  `element_type_id` int(11) DEFAULT NULL,
  PRIMARY KEY (`id`),
  KEY `element_type_id1` (`element_type_id`),
  CONSTRAINT `element_type_id1` FOREIGN KEY (`element_type_id`) REFERENCES `element_type` (`id`)
) ENGINE=InnoDB AUTO_INCREMENT=20 DEFAULT CHARSET=latin1;

/*Data for the table `photo_user` */

insert  into `photo_user`(`id`,`user_id`,`element_type_id`) values (4,9,1),(5,9,1),(6,9,1),(7,9,1),(8,9,1),(9,4,1),(10,8,1),(11,9,1),(12,8,1),(13,9,1),(14,8,1),(15,4,1),(16,9,1),(17,8,1),(18,8,1),(19,8,1);

/*Table structure for table `product` */

CREATE TABLE `product` (
  `id` int(11) NOT NULL AUTO_INCREMENT,
  `shop_id` int(11) DEFAULT NULL,
  `user_id` int(11) DEFAULT NULL,
  `name` varchar(1024) CHARACTER SET utf8 COLLATE utf8_unicode_ci DEFAULT NULL,
  `desc` text CHARACTER SET utf8 COLLATE utf8_unicode_ci,
  `h1` varchar(256) CHARACTER SET utf8 COLLATE utf8_unicode_ci DEFAULT NULL,
  `title` varchar(256) CHARACTER SET utf8 COLLATE utf8_unicode_ci DEFAULT NULL,
  `meta_desc` varchar(512) CHARACTER SET utf8 COLLATE utf8_unicode_ci DEFAULT NULL,
  `is_physical` int(11) DEFAULT NULL,
  `is_digital` int(11) DEFAULT NULL,
  `is_request` int(11) DEFAULT NULL,
  `tag` varchar(1024) CHARACTER SET utf8 COLLATE utf8_unicode_ci DEFAULT NULL,
  `price` decimal(11,2) DEFAULT NULL,
  `sku` varchar(32) CHARACTER SET utf8 COLLATE utf8_unicode_ci DEFAULT NULL,
  `is_active` int(11) DEFAULT '1',
  `quantity` int(11) DEFAULT NULL,
  `updated_at` int(11) DEFAULT NULL,
  `created_at` int(11) DEFAULT NULL,
  PRIMARY KEY (`id`),
  KEY `shop_id1` (`shop_id`),
  KEY `user_id1` (`user_id`),
  CONSTRAINT `shop_id1` FOREIGN KEY (`shop_id`) REFERENCES `shop` (`id`),
  CONSTRAINT `user_id1` FOREIGN KEY (`user_id`) REFERENCES `user` (`id`)
) ENGINE=InnoDB AUTO_INCREMENT=22 DEFAULT CHARSET=latin1;

/*Data for the table `product` */

insert  into `product`(`id`,`shop_id`,`user_id`,`name`,`desc`,`h1`,`title`,`meta_desc`,`is_physical`,`is_digital`,`is_request`,`tag`,`price`,`sku`,`is_active`,`quantity`,`updated_at`,`created_at`) values (18,4,8,'Graduation invitation card','This graduation party invitation with a bohemian thouch is created for a girl, who loves a natural combination of the clean sea colors and glamour.',NULL,NULL,NULL,0,1,1,'graduation invitation, party invitation, gold foil, glitter',2.00,'C-80',1,200,1526730260,1526724203),(19,4,8,'Happy birthday card with flowers','Say Happy Birthday with this stylish card to someone you care about.  ou can easily customize this text,  and then you can send this beautiful card online, share on Facebook or print it on your own printer.  Enjoy it and let me know, if you like it!',NULL,NULL,NULL,0,1,1,'Happy Birthday, greeting card,  card with flowers, card for her ',1.00,'111',1,2147483647,1526913355,1526758036),(20,4,8,'Simple Flower Happy birthday card','This card is the perfect way to surprise your friend with a stylish greeting.  Send a sweet message with your own text through Facebook or using our online-service - it is fast and easy, or print it at home without spending time on shopping.',NULL,NULL,NULL,0,1,1,'Birthday card for her, card with flowers, card with floral design',1.00,'112',1,2147483647,NULL,1526829759),(21,4,8,'Retirement Party invitation for her','Send this elegant invitation to your colleagues and friend with your own text.  It is easy to edit it and even easier to send it online ot print it out - or may be both. This beautiful floral composition is propriate to many occupation and age groups.',NULL,NULL,NULL,0,1,1,'elegant invitation, Retirement Party invitation, floral design card, invitation for her',1.00,'114',1,2147483647,1526913341,1526853356);

/*Table structure for table `product_category` */

CREATE TABLE `product_category` (
  `id` int(11) NOT NULL AUTO_INCREMENT,
  `product_id` int(11) DEFAULT NULL,
  `category_id` int(11) DEFAULT NULL,
  `category_main_id` int(11) DEFAULT NULL,
  PRIMARY KEY (`id`),
  KEY `product_id` (`product_id`),
  KEY `category_id` (`category_id`),
  CONSTRAINT `category_id` FOREIGN KEY (`category_id`) REFERENCES `category` (`id`),
  CONSTRAINT `product_id` FOREIGN KEY (`product_id`) REFERENCES `product` (`id`)
) ENGINE=InnoDB AUTO_INCREMENT=23 DEFAULT CHARSET=latin1;

/*Data for the table `product_category` */

insert  into `product_category`(`id`,`product_id`,`category_id`,`category_main_id`) values (12,18,32,2),(15,20,43,3),(18,19,43,3),(22,21,36,2);

/*Table structure for table `product_celebration` */

CREATE TABLE `product_celebration` (
  `id` int(11) NOT NULL AUTO_INCREMENT,
  `product_id` int(11) DEFAULT NULL,
  `celebration_id` int(11) DEFAULT NULL,
  PRIMARY KEY (`id`),
  KEY `product_id1` (`product_id`),
  KEY `celebration_id` (`celebration_id`),
  CONSTRAINT `celebration_id` FOREIGN KEY (`celebration_id`) REFERENCES `celebration` (`id`),
  CONSTRAINT `product_id1` FOREIGN KEY (`product_id`) REFERENCES `product` (`id`)
) ENGINE=InnoDB AUTO_INCREMENT=50 DEFAULT CHARSET=latin1;

/*Data for the table `product_celebration` */

insert  into `product_celebration`(`id`,`product_id`,`celebration_id`) values (39,18,1),(42,20,2),(45,19,2),(49,21,2);

/*Table structure for table `product_format` */

CREATE TABLE `product_format` (
  `id` int(11) NOT NULL AUTO_INCREMENT,
  `product_id` int(11) DEFAULT NULL,
  `format_id` int(11) DEFAULT NULL,
  PRIMARY KEY (`id`),
  KEY `product_id2` (`product_id`),
  KEY `format_id` (`format_id`),
  CONSTRAINT `format_id` FOREIGN KEY (`format_id`) REFERENCES `format` (`id`),
  CONSTRAINT `product_id2` FOREIGN KEY (`product_id`) REFERENCES `product` (`id`)
) ENGINE=InnoDB AUTO_INCREMENT=50 DEFAULT CHARSET=latin1;

/*Data for the table `product_format` */

insert  into `product_format`(`id`,`product_id`,`format_id`) values (39,18,2),(42,20,2),(45,19,2),(49,21,2);

/*Table structure for table `product_section` */

CREATE TABLE `product_section` (
  `id` int(11) NOT NULL AUTO_INCREMENT,
  `product_id` int(11) DEFAULT NULL,
  `section_id` int(11) DEFAULT NULL,
  PRIMARY KEY (`id`),
  KEY `section_id` (`section_id`),
  KEY `product_id3` (`product_id`),
  CONSTRAINT `product_id3` FOREIGN KEY (`product_id`) REFERENCES `product` (`id`),
  CONSTRAINT `section_id` FOREIGN KEY (`section_id`) REFERENCES `section` (`id`)
) ENGINE=InnoDB AUTO_INCREMENT=22 DEFAULT CHARSET=latin1;

/*Data for the table `product_section` */

/*Table structure for table `receiver_event` */

CREATE TABLE `receiver_event` (
  `id` int(11) NOT NULL AUTO_INCREMENT,
  `event_id` int(11) DEFAULT NULL,
  `receiver_id` int(11) DEFAULT NULL,
  `name` varchar(128) CHARACTER SET utf8 COLLATE utf8_unicode_ci DEFAULT NULL,
  `email` varchar(128) DEFAULT NULL,
  `invited` int(11) DEFAULT NULL,
  `attempt` int(11) DEFAULT NULL,
  `replies` varchar(2048) CHARACTER SET utf8 COLLATE utf8_unicode_ci DEFAULT NULL,
  `status` int(11) DEFAULT NULL COMMENT 'notopened, 1: opened',
  `sended_at` int(11) DEFAULT NULL,
  `created_at` int(11) DEFAULT NULL,
  PRIMARY KEY (`id`),
  KEY `event_id` (`event_id`),
  KEY `recived_id` (`receiver_id`),
  CONSTRAINT `event_id` FOREIGN KEY (`event_id`) REFERENCES `event` (`id`),
  CONSTRAINT `recived_id` FOREIGN KEY (`receiver_id`) REFERENCES `receiver_list` (`id`)
) ENGINE=InnoDB AUTO_INCREMENT=105 DEFAULT CHARSET=latin1;

/*Data for the table `receiver_event` */

insert  into `receiver_event`(`id`,`event_id`,`receiver_id`,`name`,`email`,`invited`,`attempt`,`replies`,`status`,`sended_at`,`created_at`) values (85,28,NULL,'Alika Rosenlund','alikalive@hotmail.com',3,NULL,NULL,NULL,1527151150,1526741027),(86,28,NULL,'Lika','bella4donna@gmail.com',2,2,'Thank you, we are coming',1,1527151501,1526741046),(87,28,NULL,'kriartds','Kriartds@gmail.com',2,NULL,NULL,1,1527151801,1526759219),(88,29,NULL,'Lika','alikalive@hotmail.com',4,NULL,NULL,NULL,NULL,1527076511),(89,29,NULL,'kriartds','Kriartds@hotmail.com',2,NULL,NULL,NULL,NULL,1527151802),(90,30,NULL,'Lika','alikalive@hotmail.com',3,NULL,NULL,1,NULL,1527169229),(93,30,NULL,'kriartds','Kriartds@gmail.com',2,NULL,NULL,NULL,NULL,NULL),(95,30,NULL,'Alika','bella4donna@gmail.com',2,NULL,NULL,NULL,NULL,1527169290),(96,30,NULL,'Art','artviaz@mail.com',2,NULL,NULL,NULL,NULL,1527169472),(97,30,NULL,'kriartds','Kriartds@hotmail.com',2,NULL,NULL,NULL,NULL,1527514454),(98,31,NULL,'Lika','alikalive@hotmail.com',3,NULL,NULL,1,1527526202,NULL),(99,31,NULL,'kriartds','Kriartds@gmail.com',2,NULL,NULL,NULL,1527526501,NULL),(100,31,NULL,'Alika','bella4donna@gmail.com',2,NULL,NULL,1,1527526801,NULL),(101,31,NULL,'Art','artviaz@mail.com',2,NULL,NULL,NULL,1527527101,NULL),(102,31,NULL,'kriartds','Kriartds@hotmail.com',2,NULL,NULL,NULL,1527527402,NULL);

/*Table structure for table `receiver_list` */

CREATE TABLE `receiver_list` (
  `id` int(11) NOT NULL AUTO_INCREMENT,
  `name` varchar(128) CHARACTER SET utf8 COLLATE utf8_unicode_ci DEFAULT NULL,
  `email` varchar(128) DEFAULT NULL,
  `user_id` int(11) DEFAULT NULL,
  PRIMARY KEY (`id`)
) ENGINE=InnoDB DEFAULT CHARSET=latin1;

/*Data for the table `receiver_list` */

/*Table structure for table `section` */

CREATE TABLE `section` (
  `id` int(11) NOT NULL AUTO_INCREMENT,
  `name` varchar(64) CHARACTER SET utf8 COLLATE utf8_unicode_ci DEFAULT NULL,
  PRIMARY KEY (`id`)
) ENGINE=InnoDB AUTO_INCREMENT=3 DEFAULT CHARSET=latin1;

/*Data for the table `section` */

insert  into `section`(`id`,`name`) values (1,'section 1'),(2,'section 2');

/*Table structure for table `shipping` */

CREATE TABLE `shipping` (
  `id` int(11) NOT NULL AUTO_INCREMENT,
  `user_id` int(11) DEFAULT NULL,
  `shop_id` int(11) DEFAULT NULL,
  `shipping_region_id` int(11) DEFAULT NULL,
  `processing_time` int(11) DEFAULT NULL,
  `price` decimal(11,2) DEFAULT NULL,
  `updated_at` int(11) DEFAULT NULL,
  `created_at` int(11) DEFAULT NULL,
  PRIMARY KEY (`id`),
  KEY `shop_id` (`shop_id`),
  KEY `shipping_region_id` (`shipping_region_id`),
  CONSTRAINT `shipping_region_id` FOREIGN KEY (`shipping_region_id`) REFERENCES `shipping_region` (`id`),
  CONSTRAINT `shop_id` FOREIGN KEY (`shop_id`) REFERENCES `shop` (`id`)
) ENGINE=InnoDB AUTO_INCREMENT=5 DEFAULT CHARSET=latin1;

/*Data for the table `shipping` */

insert  into `shipping`(`id`,`user_id`,`shop_id`,`shipping_region_id`,`processing_time`,`price`,`updated_at`,`created_at`) values (1,4,1,4,15,30.00,1523952200,1519586160),(2,4,1,6,35,35.00,1523952214,1519586260),(3,4,1,1,25,70.00,1523952175,1519586960),(4,8,4,7,14,20.00,NULL,1523952159);

/*Table structure for table `shipping_region` */

CREATE TABLE `shipping_region` (
  `id` int(11) NOT NULL AUTO_INCREMENT,
  `name` varchar(64) CHARACTER SET utf8 COLLATE utf8_unicode_ci DEFAULT NULL,
  PRIMARY KEY (`id`)
) ENGINE=InnoDB AUTO_INCREMENT=9 DEFAULT CHARSET=latin1;

/*Data for the table `shipping_region` */

insert  into `shipping_region`(`id`,`name`) values (1,'North America'),(2,'South America'),(3,'Europe'),(4,'Africa'),(5,'Australia'),(6,'Asia'),(7,'Russia European part'),(8,'Russia Eastern part');

/*Table structure for table `shop` */

CREATE TABLE `shop` (
  `id` int(11) NOT NULL AUTO_INCREMENT,
  `user_id` int(11) DEFAULT NULL,
  `name` varchar(1024) CHARACTER SET utf8 COLLATE utf8_unicode_ci DEFAULT NULL,
  `desc` text CHARACTER SET utf8 COLLATE utf8_unicode_ci,
  `h1` varchar(256) CHARACTER SET utf8 COLLATE utf8_unicode_ci DEFAULT NULL,
  `title` varchar(256) CHARACTER SET utf8 COLLATE utf8_unicode_ci DEFAULT NULL,
  `meta_desc` varchar(512) CHARACTER SET utf8 COLLATE utf8_unicode_ci DEFAULT NULL,
  `payment_refunds` text CHARACTER SET utf8 COLLATE utf8_unicode_ci,
  `shipping_police` text CHARACTER SET utf8 COLLATE utf8_unicode_ci,
  `updated_at` int(11) DEFAULT NULL,
  `created_at` int(11) DEFAULT NULL,
  PRIMARY KEY (`id`),
  KEY `user_id` (`user_id`),
  CONSTRAINT `user_id` FOREIGN KEY (`user_id`) REFERENCES `user` (`id`)
) ENGINE=InnoDB AUTO_INCREMENT=5 DEFAULT CHARSET=latin1;

/*Data for the table `shop` */

insert  into `shop`(`id`,`user_id`,`name`,`desc`,`h1`,`title`,`meta_desc`,`payment_refunds`,`shipping_police`,`updated_at`,`created_at`) values (1,4,'test shop','Description of test shop',NULL,NULL,NULL,NULL,NULL,1519585503,NULL),(2,9,'Super-Shop 777','Description for Super Shop 777',NULL,NULL,NULL,'description of payments refunds....','description of Shipping ...',1519669955,1519669867),(3,6,NULL,NULL,NULL,NULL,NULL,NULL,NULL,NULL,1519691540),(4,8,'Wedding invitations','Find the best designs of the wedding invitations, Greeting cards, RSVP,  table cards and menu her!',NULL,NULL,NULL,'I gladly accept exchanges\r\nContact me within: 3 days of delivery\r\nShip items back within: 7 days of delivery','Conditions of return\r\nBuyers are responsible for return shipping costs. If the item is not returned in its original condition, the buyer is responsible for any loss in value.',1523952110,1523951849);

/*Table structure for table `user` */

CREATE TABLE `user` (
  `id` int(11) NOT NULL AUTO_INCREMENT,
  `username` varchar(255) COLLATE utf8_unicode_ci NOT NULL,
  `fullname` varchar(255) COLLATE utf8_unicode_ci DEFAULT NULL,
  `birthdate` date DEFAULT NULL,
  `gender` smallint(6) DEFAULT NULL,
  `is_subscribe_newsletter` smallint(6) DEFAULT NULL,
  `is_subscribe_offers` smallint(6) DEFAULT NULL,
  `company_name` varchar(255) COLLATE utf8_unicode_ci DEFAULT NULL,
  `address1` varchar(1024) COLLATE utf8_unicode_ci DEFAULT NULL,
  `address2` varchar(1024) COLLATE utf8_unicode_ci DEFAULT NULL,
  `region` varchar(255) COLLATE utf8_unicode_ci DEFAULT NULL,
  `city` varchar(255) COLLATE utf8_unicode_ci DEFAULT NULL,
  `zip_code` varchar(32) COLLATE utf8_unicode_ci DEFAULT NULL,
  `country_id` int(11) DEFAULT NULL,
  `phone` varchar(20) COLLATE utf8_unicode_ci DEFAULT NULL,
  `phone_home` varchar(20) COLLATE utf8_unicode_ci DEFAULT NULL,
  `auth_key` varchar(32) COLLATE utf8_unicode_ci NOT NULL,
  `password_hash` varchar(255) COLLATE utf8_unicode_ci NOT NULL,
  `password_reset_token` varchar(255) COLLATE utf8_unicode_ci DEFAULT NULL,
  `email` varchar(255) COLLATE utf8_unicode_ci NOT NULL,
  `role_id` int(11) DEFAULT NULL,
  `profile` text COLLATE utf8_unicode_ci,
  `status` smallint(6) NOT NULL DEFAULT '10',
  `access` smallint(6) DEFAULT NULL,
  `access_token` varchar(64) COLLATE utf8_unicode_ci DEFAULT NULL,
  `created_at` int(11) NOT NULL,
  `updated_at` int(11) NOT NULL,
  PRIMARY KEY (`id`),
  UNIQUE KEY `username` (`username`),
  UNIQUE KEY `email` (`email`),
  UNIQUE KEY `password_reset_token` (`password_reset_token`)
) ENGINE=InnoDB AUTO_INCREMENT=10 DEFAULT CHARSET=utf8 COLLATE=utf8_unicode_ci;

/*Data for the table `user` */

insert  into `user`(`id`,`username`,`fullname`,`birthdate`,`gender`,`is_subscribe_newsletter`,`is_subscribe_offers`,`company_name`,`address1`,`address2`,`region`,`city`,`zip_code`,`country_id`,`phone`,`phone_home`,`auth_key`,`password_hash`,`password_reset_token`,`email`,`role_id`,`profile`,`status`,`access`,`access_token`,`created_at`,`updated_at`) values (1,'admin',NULL,NULL,NULL,NULL,NULL,NULL,NULL,NULL,NULL,NULL,NULL,NULL,NULL,NULL,'cBfBuAqFN2R7yERP5spHQwre8I_uQCXo','$2y$13$Kzh3SivXZoU1le53i.S8K.Mz/kR2gdhYwB2m46ujc5Crs/Z71lyj6',NULL,'admin@a.com',777,NULL,20,1,NULL,1519304466,1519304466),(2,'kriartds+1@gmail.com',NULL,NULL,NULL,NULL,NULL,NULL,NULL,NULL,NULL,NULL,NULL,NULL,NULL,NULL,'4p4Sfpt-HtfXrIVTkEpJRtIay_ZgWcpC','$2y$13$Knlz0HiTE.CZQb/bz9NkXu2hiWNI6sC8t6qDQcpFly7BRCDPVS8fu',NULL,'kriartds+1@gmail.com',20,NULL,20,1,NULL,1519347328,1519347328),(3,'kriartds+2@gmail.com',NULL,NULL,NULL,NULL,NULL,NULL,NULL,NULL,NULL,NULL,NULL,NULL,NULL,NULL,'I0VEd8G8HCzPqfLVGNc9zoh5yW_uax5t','$2y$13$bRvm0vs28VNlNhvcQCThb.U7ppRUJYLSx9N5JBxddSE1gipEfoCPG',NULL,'kriartds+2@gmail.com',20,NULL,20,1,NULL,1519347722,1519347722),(4,'admin@artviza.com','Super admin','1980-09-15',1,1,1,'sadas','asd','asd','sadas','sadasd','asdasdsad',46,'213213','123123','','$2y$13$fz3iTXTe20hSfkVAWlf.Ou5tPgsruEVl2ZWGodMfGkS7/34u8e9xy',NULL,'admin@artviza.com',777,NULL,20,1,NULL,1519347997,1521683469),(6,'vkontakte-302387222','Հայկ Փիլոսյան',NULL,NULL,0,0,'','','','','','',NULL,'','','76e140ea6b7dcbbc9695f09aac534575','$2y$13$qC.auQad7Jc4sHJTDESviun5ttjAiYskoMfGjNMmFL1ZjwgINIBpa',NULL,'-',20,NULL,20,1,NULL,1519394105,1519394115),(7,'facebook-536866796685251','Kristina Atanyan',NULL,NULL,NULL,NULL,NULL,NULL,NULL,NULL,NULL,NULL,NULL,NULL,NULL,'842ca1dcc8d2091fca64ff373d0213ad','$2y$13$akTdHorXhKt6c4fIrVJfnutC1F4rTZKzAOWwKwfSKq7tSDZ126Ose',NULL,'',20,NULL,20,1,NULL,1519396588,1519396588),(8,'alikalive@hotmail.com','Alika Rosenlund','1973-07-17',2,0,0,'no','Nils Erlings Alle 34','no','Odense SV','Odense SV','5250',14,'31522256','','','$2y$13$qN0gnF5ddA81kgoK.WKwc.3E9jxCykv97O7GpUChJY8MkHuaGslY.',NULL,'alikalive@hotmail.com',20,NULL,20,1,NULL,1519669462,1526291848),(9,'kriartds+10@gmail.com','Константин Батарейкин','1990-09-15',1,1,1,'Home CJSC','street Tverskaya','buildin 12/ apr. 45','','Moskow','7878',30,'+37494211938','+37494211938','','$2y$13$K7LWm.Gp5stf3vYiGwnXXeRgGH4RrJihj87ZHh5fuF//crd5h01I2',NULL,'kriartds+10@gmail.com',20,NULL,20,1,NULL,1519669579,1521349809);

/*!40101 SET SQL_MODE=@OLD_SQL_MODE */;
/*!40014 SET FOREIGN_KEY_CHECKS=@OLD_FOREIGN_KEY_CHECKS */;
/*!40014 SET UNIQUE_CHECKS=@OLD_UNIQUE_CHECKS */;
/*!40111 SET SQL_NOTES=@OLD_SQL_NOTES */;
